ctgov,cause,loglik,aic,dist,parameter,est,se
NCT00034840,Lack of Efficacy,-101.8,207.7,lnorm,meanlog,6.507,0.6807
NCT00034840,Lack of Efficacy,-101.8,207.7,lnorm,sdlog,0.231,0.2601
NCT00051558,Adverse Event,-467.4,938.8,lnorm,meanlog,10.45,0.5586
NCT00051558,Adverse Event,-467.4,938.8,lnorm,sdlog,1.132,0.1211
NCT00051558,Lost to Follow-up,-165.7,333.3,exp,rate,-10.04,0.2582
NCT00051558,Other/Miscellaneous,-325.5,654.9,gompertz,shape,-0.001626,6.287e-4
NCT00051558,Other/Miscellaneous,-325.5,654.9,gompertz,rate,-8.599,0.2831
NCT00051558,PI/Sponsor Decision,-135.2,272.4,exp,rate,-10.27,0.2887
NCT00051558,Voluntary Withdrawal,-665.2,1332,exp,rate,-8.504,0.1195
NCT00125918,Adverse Event,-360.2,722.3,exp,rate,-6.829,0.1474
NCT00152984,Adverse Event,-109.3,220.6,exp,rate,-8.11,0.2887
NCT00153023,Adverse Event,-790.5,1585,gompertz,shape,-0.004165,0.001079
NCT00153023,Adverse Event,-790.5,1585,gompertz,rate,-7.43,0.1784
NCT00153023,Other/Miscellaneous,-213.3,430.6,gompertz,shape,-0.01616,0.003721
NCT00153023,Other/Miscellaneous,-213.3,430.6,gompertz,rate,-7.752,0.3044
NCT00153023,Protocol Violation,-171,346,llogis,shape,-0.3826,0.2424
NCT00153023,Protocol Violation,-171,346,llogis,scale,11.6,1.453
NCT00153023,Voluntary Withdrawal,-284.7,573.4,lnorm,meanlog,14.89,1.621
NCT00153023,Voluntary Withdrawal,-284.7,573.4,lnorm,sdlog,1.606,0.1654
NCT00153088,Adverse Event,-532.1,1068,lnorm,meanlog,9.699,0.4795
NCT00153088,Adverse Event,-532.1,1068,lnorm,sdlog,1.038,0.1126
NCT00153088,Voluntary Withdrawal,-131.4,264.8,exp,rate,-9.95,0.2887
NCT00168831,Adverse Event,-1314,2632,lnorm,meanlog,8.773,0.2775
NCT00168831,Adverse Event,-1314,2632,lnorm,sdlog,1.108,0.06716
NCT00168831,Lost to Follow-up,-152.9,307.8,exp,rate,-9.92,0.2673
NCT00168831,Other/Miscellaneous,-160.5,325.1,gompertz,shape,-0.00591,0.002957
NCT00168831,Other/Miscellaneous,-160.5,325.1,gompertz,rate,-9.052,0.4153
NCT00168831,Protocol Violation,-275.1,554.2,gompertz,shape,-0.01078,0.002637
NCT00168831,Protocol Violation,-275.1,554.2,gompertz,rate,-7.973,0.2813
NCT00168831,Voluntary Withdrawal,-387.4,778.8,lnorm,meanlog,12.96,1.089
NCT00168831,Voluntary Withdrawal,-387.4,778.8,lnorm,sdlog,1.435,0.1371
NCT00168844,Adverse Event,-976.6,1957,lnorm,meanlog,9.187,0.3428
NCT00168844,Adverse Event,-976.6,1957,lnorm,sdlog,1.05,0.08079
NCT00168844,Lost to Follow-up,-208.7,421.3,llogis,shape,-0.4779,0.2167
NCT00168844,Lost to Follow-up,-208.7,421.3,llogis,scale,11.91,1.389
NCT00168844,Other/Miscellaneous,-218.9,441.8,gompertz,shape,-0.004891,0.002409
NCT00168844,Other/Miscellaneous,-218.9,441.8,gompertz,rate,-8.84,0.3611
NCT00168844,Voluntary Withdrawal,-349.6,703.3,gompertz,shape,-0.0127,0.002489
NCT00168844,Voluntary Withdrawal,-349.6,703.3,gompertz,rate,-7.55,0.241
NCT00168857,Adverse Event,-853.2,1708,exp,rate,-7.981,0.1026
NCT00168857,Lost to Follow-up,-131.5,267,weibull,shape,-0.3861,0.2814
NCT00168857,Lost to Follow-up,-131.5,267,weibull,scale,12.04,1.8
NCT00168857,Other/Miscellaneous,-172.1,348.2,gompertz,shape,-0.02309,0.005619
NCT00168857,Other/Miscellaneous,-172.1,348.2,gompertz,rate,-7.594,0.3333
NCT00168857,Protocol Violation,-285.7,573.4,exp,rate,-9.203,0.189
NCT00168857,Voluntary Withdrawal,-171,345.9,llogis,shape,-0.3532,0.2431
NCT00168857,Voluntary Withdrawal,-171,345.9,llogis,scale,11.41,1.407
NCT00239421,Adverse Event,-119.5,240.9,exp,rate,-7.532,0.2673
NCT00274014,Adverse Event,-968.5,1941,lnorm,meanlog,9.259,0.3519
NCT00274014,Adverse Event,-968.5,1941,lnorm,sdlog,1.058,0.08146
NCT00274014,Lost to Follow-up,-324.1,650.3,exp,rate,-9.129,0.1768
NCT00274014,Other/Miscellaneous,-387.3,776.6,exp,rate,-8.931,0.1601
NCT00274014,Protocol Violation,-258,519.9,lnorm,meanlog,12.2,1.211
NCT00274014,Protocol Violation,-258,519.9,lnorm,sdlog,1.205,0.1757
NCT00274014,Voluntary Withdrawal,-446.4,896.8,lnorm,meanlog,10.94,0.7345
NCT00274014,Voluntary Withdrawal,-446.4,896.8,lnorm,sdlog,1.139,0.1281
NCT00274053,Adverse Event,-392.7,789.4,gompertz,shape,-0.004654,0.002028
NCT00274053,Adverse Event,-392.7,789.4,gompertz,rate,-7.449,0.2564
NCT00274053,Other/Miscellaneous,-140,284.1,gompertz,shape,-0.006906,0.003786
NCT00274053,Other/Miscellaneous,-140,284.1,gompertz,rate,-8.378,0.4343
NCT00274053,Protocol Violation,-203.3,410.5,gompertz,shape,-0.00409,0.002905
NCT00274053,Protocol Violation,-203.3,410.5,gompertz,rate,-8.248,0.3761
NCT00274053,Voluntary Withdrawal,-235,474.1,gompertz,shape,-0.007499,0.002878
NCT00274053,Voluntary Withdrawal,-235,474.1,gompertz,rate,-7.745,0.3217
NCT00274079,Adverse Event,-256.1,516.2,lnorm,meanlog,8.189,0.6732
NCT00274079,Adverse Event,-256.1,516.2,lnorm,sdlog,1.019,0.1511
NCT00274547,Adverse Event,-2024,4053,gompertz,shape,-0.008526,0.001277
NCT00274547,Adverse Event,-2024,4053,gompertz,rate,-6.383,0.1042
NCT00274547,Lost to Follow-up,-111.3,226.5,lnorm,meanlog,9.671,1.316
NCT00274547,Lost to Follow-up,-111.3,226.5,lnorm,sdlog,0.5868,0.2842
NCT00274547,Other/Miscellaneous,-240.4,484.8,gompertz,shape,-0.01918,0.005179
NCT00274547,Other/Miscellaneous,-240.4,484.8,gompertz,rate,-8.172,0.3063
NCT00274547,Protocol Violation,-359.6,721.3,exp,rate,-8.99,0.1667
NCT00274547,Voluntary Withdrawal,-580.7,1165,gompertz,shape,-0.00782,0.002564
NCT00274547,Voluntary Withdrawal,-580.7,1165,gompertz,rate,-7.844,0.2134
NCT00274560,Adverse Event,-366,735.9,lnorm,meanlog,9.105,0.6885
NCT00274560,Adverse Event,-366,735.9,lnorm,sdlog,1.159,0.1289
NCT00274560,Voluntary Withdrawal,-112.5,227,exp,rate,-8.374,0.2887
NCT00274599,Adverse Event,-292.6,589.2,gompertz,shape,-0.01607,0.006405
NCT00274599,Adverse Event,-292.6,589.2,gompertz,rate,-7.027,0.2877
NCT00274599,Lack of Efficacy,-117,235.9,exp,rate,-8.747,0.2887
NCT00274599,Lost to Follow-up,-99.29,200.6,exp,rate,-8.929,0.3162
NCT00274599,Other/Miscellaneous,-92.51,189,gompertz,shape,-0.05317,0.01849
NCT00274599,Other/Miscellaneous,-92.51,189,gompertz,rate,-7.3,0.4578
NCT00274599,Voluntary Withdrawal,-168.1,338.3,exp,rate,-8.341,0.2357
NCT00274612,Adverse Event,-310.5,625.1,gompertz,shape,-0.00903,0.005833
NCT00274612,Adverse Event,-310.5,625.1,gompertz,rate,-7.247,0.2963
NCT00274612,Lack of Efficacy,-99.41,200.8,exp,rate,-8.941,0.3162
NCT00274612,Other/Miscellaneous,-160,322,exp,rate,-8.411,0.2425
NCT00277264,Adverse Event,-938.6,1881,lnorm,meanlog,9.958,0.437
NCT00277264,Adverse Event,-938.6,1881,lnorm,sdlog,1.305,0.08139
NCT00277264,Other/Miscellaneous,-141.5,285,exp,rate,-9.886,0.2774
NCT00277264,Protocol Violation,-149.3,302.5,gompertz,shape,-0.005986,0.003088
NCT00277264,Protocol Violation,-149.3,302.5,gompertz,rate,-9.01,0.4296
NCT00277264,Voluntary Withdrawal,-638.7,1281,gompertz,shape,-0.006893,0.001416
NCT00277264,Voluntary Withdrawal,-638.7,1281,gompertz,rate,-7.291,0.1873
NCT00321854,Adverse Event,-726.2,1456,gompertz,shape,-0.001964,9.493e-4
NCT00321854,Adverse Event,-726.2,1456,gompertz,rate,-7.322,0.1909
NCT00321854,Lack of Efficacy,-229.2,460.5,exp,rate,-8.967,0.2085
NCT00321854,Protocol Violation,-117.8,237.5,exp,rate,-9.705,0.3015
NCT00321854,Voluntary Withdrawal,-224.4,452.9,gompertz,shape,-0.006032,0.002115
NCT00321854,Voluntary Withdrawal,-224.4,452.9,gompertz,rate,-8.047,0.3252
NCT00384930,Adverse Event,-390.7,785.4,lnorm,meanlog,8.597,0.5964
NCT00384930,Adverse Event,-390.7,785.4,lnorm,sdlog,0.8972,0.1308
NCT00384930,Other/Miscellaneous,-223.9,451.8,gompertz,shape,-0.02512,0.008972
NCT00384930,Other/Miscellaneous,-223.9,451.8,gompertz,rate,-7.255,0.3203
NCT00384930,PI/Sponsor Decision,-133.6,271.2,lnorm,meanlog,7.838,0.8427
NCT00384930,PI/Sponsor Decision,-133.6,271.2,lnorm,sdlog,0.4342,0.2386
NCT00384930,Protocol Violation,-109.5,221,exp,rate,-8.957,0.3015
NCT00384930,Voluntary Withdrawal,-331.2,664.5,exp,rate,-7.717,0.1622
NCT00402233,Adverse Event,-199.8,403.6,gompertz,shape,-0.02367,0.008885
NCT00402233,Adverse Event,-199.8,403.6,gompertz,rate,-6.022,0.3177
NCT00466167,Adverse Event,-241.4,486.7,gompertz,shape,-0.01336,0.003753
NCT00466167,Adverse Event,-241.4,486.7,gompertz,rate,-7.142,0.2953
NCT00466167,Voluntary Withdrawal,-173.5,349,exp,rate,-8.64,0.2357
NCT00472199,Adverse Event,-325.6,655.2,gompertz,shape,-0.01562,0.003643
NCT00472199,Adverse Event,-325.6,655.2,gompertz,rate,-5.997,0.2343
NCT00472199,Lack of Efficacy,-236.1,476.3,gompertz,shape,-0.01487,0.004315
NCT00472199,Lack of Efficacy,-236.1,476.3,gompertz,rate,-6.405,0.284
NCT00472199,Voluntary Withdrawal,-100.5,204.9,gompertz,shape,-0.01417,0.006892
NCT00472199,Voluntary Withdrawal,-100.5,204.9,gompertz,rate,-7.409,0.4636
NCT00479401,Adverse Event,-409.4,822.8,gompertz,shape,-0.01037,0.002492
NCT00479401,Adverse Event,-409.4,822.8,gompertz,rate,-6.797,0.2275
NCT00479401,Voluntary Withdrawal,-249.1,502.2,gompertz,shape,-0.006396,0.003039
NCT00479401,Voluntary Withdrawal,-249.1,502.2,gompertz,rate,-7.682,0.3227
NCT00525512,Adverse Event,-698.6,1401,weibull,shape,-0.1708,0.1087
NCT00525512,Adverse Event,-698.6,1401,weibull,scale,8.544,0.2697
NCT00525512,Lack of Efficacy,-184.9,373.9,gompertz,shape,-0.005196,0.001629
NCT00525512,Lack of Efficacy,-184.9,373.9,gompertz,rate,-8.447,0.3506
NCT00525512,Other/Miscellaneous,-240.7,485.4,gompertz,shape,-0.008219,0.001831
NCT00525512,Other/Miscellaneous,-240.7,485.4,gompertz,rate,-7.717,0.285
NCT00525512,Voluntary Withdrawal,-275.8,555.7,lnorm,meanlog,13.86,1.376
NCT00525512,Voluntary Withdrawal,-275.8,555.7,lnorm,sdlog,1.559,0.163
NCT00563381,Adverse Event,-5151,10310,gompertz,shape,-0.004285,4.331e-4
NCT00563381,Adverse Event,-5151,10310,gompertz,rate,-7.703,0.0709
NCT00563381,Lack of Efficacy,-644.8,1294,gompertz,shape,-0.005307,0.001409
NCT00563381,Lack of Efficacy,-644.8,1294,gompertz,rate,-9.869,0.2174
NCT00563381,Lost to Follow-up,-277,555.9,exp,rate,-11.59,0.2132
NCT00563381,Other/Miscellaneous,-669,1342,lnorm,meanlog,15.97,1.24
NCT00563381,Other/Miscellaneous,-669,1342,lnorm,sdlog,1.443,0.1182
NCT00563381,Protocol Violation,-1457,2918,gompertz,shape,-0.007649,9.795e-4
NCT00563381,Protocol Violation,-1457,2918,gompertz,rate,-8.698,0.1313
NCT00563381,Voluntary Withdrawal,-3776,7556,gompertz,shape,-0.00774,5.79e-4
NCT00563381,Voluntary Withdrawal,-3776,7556,gompertz,rate,-7.63,0.07721
NCT00601250,Adverse Event,-112.9,227.7,exp,rate,-9.261,0.3015
NCT00601250,Other/Miscellaneous,-103.6,209.1,exp,rate,-9.357,0.3162
NCT00601250,Voluntary Withdrawal,-165.6,335.2,gompertz,shape,-0.008472,0.005142
NCT00601250,Voluntary Withdrawal,-165.6,335.2,gompertz,rate,-8.191,0.413
NCT00602472,Adverse Event,-270.9,545.8,lnorm,meanlog,11.94,1.229
NCT00602472,Adverse Event,-270.9,545.8,lnorm,sdlog,1.261,0.1694
NCT00602472,Protocol Violation,-219.4,440.9,exp,rate,-8.974,0.2132
NCT00602472,Voluntary Withdrawal,-210.4,422.9,exp,rate,-9.021,0.2182
NCT00622284,Adverse Event,-1446,2896,lnorm,meanlog,11.06,0.3839
NCT00622284,Adverse Event,-1446,2896,lnorm,sdlog,1.267,0.07002
NCT00622284,Lack of Efficacy,-641.4,1285,exp,rate,-9.69,0.1291
NCT00622284,Lost to Follow-up,-257.3,516.5,exp,rate,-10.69,0.2132
NCT00622284,Other/Miscellaneous,-608.8,1222,gompertz,shape,-0.001697,6.584e-4
NCT00622284,Other/Miscellaneous,-608.8,1222,gompertz,rate,-9.209,0.2259
NCT00622284,Protocol Violation,-203.2,408.3,exp,rate,-10.95,0.2425
NCT00622284,Voluntary Withdrawal,-532.3,1069,gompertz,shape,-0.003489,7.953e-4
NCT00622284,Voluntary Withdrawal,-532.3,1069,gompertz,rate,-8.902,0.2207
NCT00641043,Adverse Event,-94.22,192.4,lnorm,meanlog,14.93,2.986
NCT00641043,Adverse Event,-94.22,192.4,lnorm,sdlog,1.621,0.2858
NCT00654381,Adverse Event,-200.3,404.7,lnorm,meanlog,7.116,0.2659
NCT00654381,Adverse Event,-200.3,404.7,lnorm,sdlog,-0.3491,0.1992
NCT00734474,Adverse Event,-2052,4106,exp,rate,-7.884,0.0658
NCT00734474,Lack of Efficacy,-161.3,326.6,gompertz,shape,-0.003016,0.001495
NCT00734474,Lack of Efficacy,-161.3,326.6,gompertz,rate,-9.865,0.4207
NCT00734474,Lost to Follow-up,-326.5,656.9,gompertz,shape,-0.001443,9.175e-4
NCT00734474,Lost to Follow-up,-326.5,656.9,gompertz,rate,-9.487,0.3105
NCT00734474,Other/Miscellaneous,-161.9,327.9,gompertz,shape,-0.002507,0.001437
NCT00734474,Other/Miscellaneous,-161.9,327.9,gompertz,rate,-9.98,0.4299
NCT00734474,PI/Sponsor Decision,-373.1,750.2,lnorm,meanlog,12.91,1.033
NCT00734474,PI/Sponsor Decision,-373.1,750.2,lnorm,sdlog,1.276,0.1465
NCT00734474,Protocol Violation,-131.2,264.4,exp,rate,-10.93,0.3015
NCT00734474,Voluntary Withdrawal,-955.6,1915,lnorm,meanlog,10.2,0.3855
NCT00734474,Voluntary Withdrawal,-955.6,1915,lnorm,sdlog,1.063,0.08493
NCT00740051,Lost to Follow-up,-107.8,217.5,exp,rate,-8.797,0.3015
NCT00740051,Voluntary Withdrawal,-131.3,266.6,gompertz,shape,-0.006054,0.002908
NCT00740051,Voluntary Withdrawal,-131.3,266.6,gompertz,rate,-7.691,0.4254
NCT00772538,Adverse Event,-124.8,251.7,exp,rate,-9.403,0.2887
NCT00772538,Other/Miscellaneous,-138.8,281.6,llogis,shape,-0.706,0.2632
NCT00772538,Other/Miscellaneous,-138.8,281.6,llogis,scale,12.77,1.926
NCT00772538,Voluntary Withdrawal,-115.4,232.8,exp,rate,-9.49,0.3015
NCT00776984,Adverse Event,-105.8,213.6,exp,rate,-9.579,0.3162
NCT00776984,Other/Miscellaneous,-143.4,288.8,exp,rate,-9.242,0.2673
NCT00776984,Voluntary Withdrawal,-188.8,379.6,exp,rate,-8.937,0.2294
NCT00782210,Adverse Event,-492.1,988.2,lnorm,meanlog,9.543,0.5184
NCT00782210,Adverse Event,-492.1,988.2,lnorm,sdlog,1.03,0.1164
NCT00782210,Lack of Efficacy,-180.9,365.8,lnorm,meanlog,13.86,1.818
NCT00782210,Lack of Efficacy,-180.9,365.8,lnorm,sdlog,1.463,0.2088
NCT00782210,Voluntary Withdrawal,-285.2,574.3,gompertz,shape,-0.007511,0.002209
NCT00782210,Voluntary Withdrawal,-285.2,574.3,gompertz,rate,-7.755,0.2864
NCT00782509,Adverse Event,-460,924.1,lnorm,meanlog,10.22,0.6282
NCT00782509,Adverse Event,-460,924.1,lnorm,sdlog,1.147,0.1221
NCT00782509,Lack of Efficacy,-175.9,353.9,exp,rate,-9.349,0.2425
NCT00782509,Other/Miscellaneous,-102.2,208.3,lnorm,meanlog,20.26,4.397
NCT00782509,Other/Miscellaneous,-102.2,208.3,lnorm,sdlog,1.913,0.2889
NCT00782509,Voluntary Withdrawal,-156,316,lnorm,meanlog,12.58,1.67
NCT00782509,Voluntary Withdrawal,-156,316,lnorm,sdlog,1.241,0.2308
NCT00793624,Adverse Event,-603.4,1211,lnorm,meanlog,10.94,0.6384
NCT00793624,Adverse Event,-603.4,1211,lnorm,sdlog,1.283,0.1067
NCT00793624,Lack of Efficacy,-153.2,310.5,gompertz,shape,-0.01377,0.004124
NCT00793624,Lack of Efficacy,-153.2,310.5,gompertz,rate,-8.303,0.376
NCT00793624,Other/Miscellaneous,-179,362.1,lnorm,meanlog,9.135,0.7563
NCT00793624,Other/Miscellaneous,-179,362.1,lnorm,sdlog,0.4977,0.2139
NCT00793624,Protocol Violation,-109,222,gompertz,shape,-0.00869,0.004026
NCT00793624,Protocol Violation,-109,222,gompertz,rate,-9.105,0.4858
NCT00793624,Voluntary Withdrawal,-495.3,994.6,gompertz,shape,-0.006489,0.001609
NCT00793624,Voluntary Withdrawal,-495.3,994.6,gompertz,rate,-7.654,0.2195
NCT00798161,Adverse Event,-241.4,486.7,gompertz,shape,-0.01346,0.004541
NCT00798161,Adverse Event,-241.4,486.7,gompertz,rate,-7.561,0.3129
NCT00798161,Lack of Efficacy,-168.3,338.6,exp,rate,-8.901,0.2425
NCT00798161,Lost to Follow-up,-139.8,283.6,lnorm,meanlog,8.767,0.9247
NCT00798161,Lost to Follow-up,-139.8,283.6,lnorm,sdlog,0.5621,0.2411
NCT00798161,Protocol Violation,-137.8,279.6,gompertz,shape,-0.01568,0.006452
NCT00798161,Protocol Violation,-137.8,279.6,gompertz,rate,-8.065,0.4175
NCT00798161,Voluntary Withdrawal,-201.3,406.7,gompertz,shape,-0.009463,0.004739
NCT00798161,Voluntary Withdrawal,-201.3,406.7,gompertz,rate,-8.004,0.3647
NCT00800683,Adverse Event,-164.4,330.8,exp,rate,-7.654,0.2294
NCT00848081,Adverse Event,-103.9,209.7,exp,rate,-7.655,0.2887
NCT00855582,Adverse Event,-100.4,204.9,gompertz,shape,-0.03179,0.01461
NCT00855582,Adverse Event,-100.4,204.9,gompertz,rate,-7.347,0.4696
NCT00855582,Lack of Efficacy,-111.6,225.2,exp,rate,-8.301,0.2887
NCT00855582,Other/Miscellaneous,-144.2,290.4,exp,rate,-8.013,0.25
NCT00855582,Protocol Violation,-111.6,225.2,exp,rate,-8.301,0.2887
NCT00855582,Voluntary Withdrawal,-142.9,289.8,gompertz,shape,-0.01675,0.01065
NCT00855582,Voluntary Withdrawal,-142.9,289.8,gompertz,rate,-7.395,0.4228
NCT00861757,Adverse Event,-136.7,275.3,exp,rate,-8.111,0.2582
NCT00861757,Voluntary Withdrawal,-120.3,242.6,exp,rate,-8.254,0.2774
NCT00915772,Adverse Event,-345.2,692.4,exp,rate,-8.588,0.1667
NCT00915772,Lack of Efficacy,-260.3,524.6,lnorm,meanlog,7.805,0.3511
NCT00915772,Lack of Efficacy,-260.3,524.6,lnorm,sdlog,0.1471,0.1677
NCT00915772,Other/Miscellaneous,-185.1,372.1,exp,rate,-9.281,0.2357
NCT00915772,Voluntary Withdrawal,-173.6,351.3,llogis,shape,-0.4437,0.2372
NCT00915772,Voluntary Withdrawal,-173.6,351.3,llogis,scale,11.25,1.338
NCT00926289,Adverse Event,-169.3,342.6,gompertz,shape,-0.04472,0.01782
NCT00926289,Adverse Event,-169.3,342.6,gompertz,rate,-6.753,0.361
NCT00926289,Protocol Violation,-172.8,347.7,exp,rate,-7.642,0.2236
NCT00954447,Adverse Event,-480.5,965,gompertz,shape,-0.003588,0.00113
NCT00954447,Adverse Event,-480.5,965,gompertz,rate,-8.629,0.2373
NCT00954447,Lack of Efficacy,-203.5,409,exp,rate,-10.3,0.2357
NCT00954447,Lost to Follow-up,-218.4,440.8,gompertz,shape,-0.005904,0.001989
NCT00954447,Lost to Follow-up,-218.4,440.8,gompertz,rate,-9.141,0.3447
NCT00954447,Other/Miscellaneous,-361.2,726.3,gompertz,shape,-0.002122,0.001233
NCT00954447,Other/Miscellaneous,-361.2,726.3,gompertz,rate,-9.214,0.2923
NCT00954447,Voluntary Withdrawal,-409,822,gompertz,shape,-0.002063,0.001148
NCT00954447,Voluntary Withdrawal,-409,822,gompertz,rate,-9.089,0.2735
NCT00970632,Protocol Violation,-177.1,358.2,lnorm,meanlog,6.78,0.4915
NCT00970632,Protocol Violation,-177.1,358.2,lnorm,sdlog,0.3001,0.1938
NCT00970632,Voluntary Withdrawal,-142,286.1,exp,rate,-7.878,0.25
NCT00975195,Adverse Event,-1924,3853,gompertz,shape,-0.001565,6.653e-4
NCT00975195,Adverse Event,-1924,3853,gompertz,rate,-8.003,0.1265
NCT00975195,Lack of Efficacy,-142.8,289.6,gompertz,shape,-0.006848,0.003226
NCT00975195,Lack of Efficacy,-142.8,289.6,gompertz,rate,-10.16,0.4535
NCT00975195,Lost to Follow-up,-189.3,380.6,exp,rate,-10.83,0.25
NCT00975195,Other/Miscellaneous,-649.5,1301,exp,rate,-9.476,0.127
NCT00975195,Protocol Violation,-534.6,1071,exp,rate,-9.691,0.1414
NCT00975195,Voluntary Withdrawal,-1067,2138,gompertz,shape,-0.004906,9.96e-4
NCT00975195,Voluntary Withdrawal,-1067,2138,gompertz,rate,-8.176,0.1572
NCT00996658,Other/Miscellaneous,-133.4,270.9,lnorm,meanlog,7.748,0.6709
NCT00996658,Other/Miscellaneous,-133.4,270.9,lnorm,sdlog,0.505,0.2293
NCT01064687,Adverse Event,-258.7,521.4,gompertz,shape,-0.01162,0.002698
NCT01064687,Adverse Event,-258.7,521.4,gompertz,rate,-8.033,0.2896
NCT01064687,Lost to Follow-up,-259.3,522.5,llogis,shape,0.5576,0.196
NCT01064687,Lost to Follow-up,-259.3,522.5,llogis,scale,7.946,0.4209
NCT01064687,Voluntary Withdrawal,-300.2,602.5,exp,rate,-9.353,0.1857
NCT01075282,Adverse Event,-236.3,476.5,lnorm,meanlog,13.4,1.453
NCT01075282,Adverse Event,-236.3,476.5,lnorm,sdlog,1.315,0.1912
NCT01075282,Other/Miscellaneous,-143,290.1,lnorm,meanlog,18.04,3.118
NCT01075282,Other/Miscellaneous,-143,290.1,lnorm,sdlog,1.709,0.2527
NCT01075282,Voluntary Withdrawal,-272.5,549,lnorm,meanlog,14.25,1.501
NCT01075282,Voluntary Withdrawal,-272.5,549,lnorm,sdlog,1.466,0.175
NCT01084005,Protocol Violation,-92.58,187.2,exp,rate,-8.258,0.3162
NCT01087502,Adverse Event,-241.2,484.5,exp,rate,-7.935,0.1925
NCT01126437,Adverse Event,-17990,35970,llogis,shape,-0.2893,0.02227
NCT01126437,Adverse Event,-17990,35970,llogis,scale,9.461,0.07164
NCT01126437,Lack of Efficacy,-2187,4378,gompertz,shape,-0.003074,3.607e-4
NCT01126437,Lack of Efficacy,-2187,4378,gompertz,rate,-10.13,0.1148
NCT01126437,Lost to Follow-up,-2061,4126,llogis,shape,-0.3549,0.07418
NCT01126437,Lost to Follow-up,-2061,4126,llogis,scale,13.13,0.4932
NCT01126437,Other/Miscellaneous,-6205,12410,exp,rate,-10,0.04211
NCT01126437,Protocol Violation,-2068,4139,weibull,shape,-0.4078,0.0741
NCT01126437,Protocol Violation,-2068,4139,weibull,scale,13.48,0.5193
NCT01126437,Voluntary Withdrawal,-10050,20090,lnorm,meanlog,13.32,0.2076
NCT01126437,Voluntary Withdrawal,-10050,20090,lnorm,sdlog,1.455,0.02768
NCT01126580,Adverse Event,-327.8,659.5,gompertz,shape,-0.008576,0.002061
NCT01126580,Adverse Event,-327.8,659.5,gompertz,rate,-7.817,0.2618
NCT01126580,Lost to Follow-up,-275.1,552.3,exp,rate,-9.19,0.1925
NCT01126580,PI/Sponsor Decision,-209.8,421.6,exp,rate,-9.491,0.2236
NCT01126580,Voluntary Withdrawal,-391.9,785.8,exp,rate,-8.797,0.1581
NCT01159600,Adverse Event,-335.7,675.4,gompertz,shape,-0.01034,0.003716
NCT01159600,Adverse Event,-335.7,675.4,gompertz,rate,-7.966,0.2811
NCT01159600,Lost to Follow-up,-127,257.9,lnorm,meanlog,8.622,0.9421
NCT01159600,Lost to Follow-up,-127,257.9,lnorm,sdlog,0.3988,0.2609
NCT01159600,Other/Miscellaneous,-213.1,430.2,llogis,shape,-0.3501,0.2157
NCT01159600,Other/Miscellaneous,-213.1,430.2,llogis,scale,10.93,1.295
NCT01159600,Voluntary Withdrawal,-220.6,445.3,gompertz,shape,-0.01152,0.004772
NCT01159600,Voluntary Withdrawal,-220.6,445.3,gompertz,rate,-8.36,0.3495
NCT01164501,Adverse Event,-411.9,827.9,lnorm,meanlog,10.73,0.7344
NCT01164501,Adverse Event,-411.9,827.9,lnorm,sdlog,1.137,0.1348
NCT01164501,Other/Miscellaneous,-141.2,284.4,exp,rate,-9.86,0.2774
NCT01164501,Voluntary Withdrawal,-226.1,456.1,gompertz,shape,-0.003317,0.002108
NCT01164501,Voluntary Withdrawal,-226.1,456.1,gompertz,rate,-8.802,0.3685
NCT01167881,Adverse Event,-718.6,1441,gompertz,shape,-0.002905,4.475e-4
NCT01167881,Adverse Event,-718.6,1441,gompertz,rate,-8.867,0.18
NCT01167881,Lost to Follow-up,-315.2,634.5,gompertz,shape,-0.002713,6.789e-4
NCT01167881,Lost to Follow-up,-315.2,634.5,gompertz,rate,-9.833,0.2853
NCT01167881,Other/Miscellaneous,-649.8,1304,gompertz,shape,-0.002932,4.754e-4
NCT01167881,Other/Miscellaneous,-649.8,1304,gompertz,rate,-8.969,0.1901
NCT01167881,Protocol Violation,-229.7,463.5,gompertz,shape,-0.005223,0.001256
NCT01167881,Protocol Violation,-229.7,463.5,gompertz,rate,-9.542,0.3188
NCT01167881,Voluntary Withdrawal,-661.6,1327,gompertz,shape,-0.002019,3.986e-4
NCT01167881,Voluntary Withdrawal,-661.6,1327,gompertz,rate,-9.271,0.1973
NCT01177813,Adverse Event,-195.8,395.7,llogis,shape,-0.3864,0.2204
NCT01177813,Adverse Event,-195.8,395.7,llogis,scale,10.65,1.271
NCT01177813,Lost to Follow-up,-230.5,465,lnorm,meanlog,8.456,0.655
NCT01177813,Lost to Follow-up,-230.5,465,lnorm,sdlog,0.5558,0.184
NCT01177813,Other/Miscellaneous,-124.7,251.4,exp,rate,-9.393,0.2887
NCT01177813,Voluntary Withdrawal,-274.2,552.3,gompertz,shape,-0.007001,0.003927
NCT01177813,Voluntary Withdrawal,-274.2,552.3,gompertz,rate,-7.984,0.3221
NCT01191268,Adverse Event,-398.2,800.4,gompertz,shape,-0.009014,0.001892
NCT01191268,Adverse Event,-398.2,800.4,gompertz,rate,-7.646,0.2337
NCT01191268,Lost to Follow-up,-182.5,366.9,exp,rate,-9.733,0.2425
NCT01191268,PI/Sponsor Decision,-247.3,498.7,gompertz,shape,-0.003966,0.002055
NCT01191268,PI/Sponsor Decision,-247.3,498.7,gompertz,rate,-8.772,0.3438
NCT01191268,Voluntary Withdrawal,-591.7,1187,gompertz,shape,-0.002393,0.001222
NCT01191268,Voluntary Withdrawal,-591.7,1187,gompertz,rate,-8.031,0.2231
NCT01191944,Adverse Event,-196.1,396.3,lnorm,meanlog,12.04,1.482
NCT01191944,Adverse Event,-196.1,396.3,lnorm,sdlog,1.475,0.1863
NCT01194830,Lost to Follow-up,-125.7,255.4,gompertz,shape,-0.01539,0.006362
NCT01194830,Lost to Follow-up,-125.7,255.4,gompertz,rate,-6.641,0.4005
NCT01194830,Other/Miscellaneous,-157,318.1,gompertz,shape,-0.01022,0.005164
NCT01194830,Other/Miscellaneous,-157,318.1,gompertz,rate,-6.677,0.3753
NCT01204294,Adverse Event,-201.5,407,lnorm,meanlog,13.21,1.577
NCT01204294,Adverse Event,-201.5,407,lnorm,sdlog,1.398,0.1996
NCT01210001,Adverse Event,-109,220.1,exp,rate,-8.912,0.3015
NCT01214239,Voluntary Withdrawal,-111.5,225.1,exp,rate,-8.294,0.2887
NCT01306214,Adverse Event,-274.9,551.9,exp,rate,-8.82,0.189
NCT01306214,Protocol Violation,-154.4,312.7,weibull,shape,-0.4977,0.2546
NCT01306214,Protocol Violation,-154.4,312.7,weibull,scale,11.76,1.567
NCT01306214,Voluntary Withdrawal,-257.2,516.5,exp,rate,-8.894,0.1961
NCT01335464,Adverse Event,-758.3,1519,exp,rate,-7.52,0.106
NCT01335464,Voluntary Withdrawal,-162.4,328.8,gompertz,shape,-0.004122,0.002558
NCT01335464,Voluntary Withdrawal,-162.4,328.8,gompertz,rate,-8.608,0.4188
NCT01335477,Adverse Event,-824.1,1650,exp,rate,-7.496,0.1015
NCT01335477,Voluntary Withdrawal,-170.5,345,gompertz,shape,-0.006723,0.002722
NCT01335477,Voluntary Withdrawal,-170.5,345,gompertz,rate,-8.3,0.382
NCT01368081,Adverse Event,-463.8,929.5,exp,rate,-9.082,0.1474
NCT01368081,Other/Miscellaneous,-113.9,231.9,lnorm,meanlog,17.94,3.632
NCT01368081,Other/Miscellaneous,-113.9,231.9,lnorm,sdlog,1.625,0.2912
NCT01368081,Voluntary Withdrawal,-343.7,689.3,exp,rate,-9.414,0.1741
NCT01370005,Adverse Event,-149.9,301.9,exp,rate,-8.37,0.25
NCT01422876,Adverse Event,-538.5,1081,llogis,shape,-0.3358,0.1332
NCT01422876,Adverse Event,-538.5,1081,llogis,scale,10.29,0.6247
NCT01422876,Lost to Follow-up,-501.1,1006,llogis,shape,-0.3992,0.1387
NCT01422876,Lost to Follow-up,-501.1,1006,llogis,scale,10.7,0.7085
NCT01422876,Other/Miscellaneous,-420.4,844.7,gompertz,shape,-0.003515,0.001556
NCT01422876,Other/Miscellaneous,-420.4,844.7,gompertz,rate,-8.76,0.2683
NCT01422876,Protocol Violation,-138.6,279.1,exp,rate,-10.55,0.2887
NCT01422876,Voluntary Withdrawal,-335.9,675.9,gompertz,shape,-0.003585,0.001764
NCT01422876,Voluntary Withdrawal,-335.9,675.9,gompertz,rate,-8.998,0.3031
NCT01558271,Adverse Event,-134.9,273.7,lnorm,meanlog,9.081,0.8407
NCT01558271,Adverse Event,-134.9,273.7,lnorm,sdlog,0.509,0.2472
NCT01558271,Voluntary Withdrawal,-262.2,528.4,lnorm,meanlog,13.65,1.438
NCT01558271,Voluntary Withdrawal,-262.2,528.4,lnorm,sdlog,1.592,0.1661
NCT01621178,Adverse Event,-156.7,315.4,exp,rate,-9.448,0.2582
NCT01621178,Other/Miscellaneous,-156.7,315.4,exp,rate,-9.448,0.2582
NCT01621178,PI/Sponsor Decision,-145.8,295.7,gompertz,shape,-0.004359,0.002695
NCT01621178,PI/Sponsor Decision,-145.8,295.7,gompertz,rate,-8.839,0.4457
NCT01621178,Voluntary Withdrawal,-416.9,837.9,lnorm,meanlog,11.37,0.8286
NCT01621178,Voluntary Withdrawal,-416.9,837.9,lnorm,sdlog,1.374,0.1291
NCT01624259,Adverse Event,-174.3,350.6,exp,rate,-8.684,0.2357
NCT01624259,Voluntary Withdrawal,-111.9,225.9,exp,rate,-9.176,0.3015
NCT01694771,Adverse Event,-303.6,609.2,exp,rate,-7.929,0.1715
NCT01694771,Other/Miscellaneous,-110.6,223.3,exp,rate,-9.058,0.3015
NCT01694771,Protocol Violation,-119.6,241.3,exp,rate,-8.971,0.2887
NCT01694771,Voluntary Withdrawal,-146.2,294.4,exp,rate,-8.747,0.2582
NCT01708902,Adverse Event,-230.7,465.5,gompertz,shape,-0.01444,0.00472
NCT01708902,Adverse Event,-230.7,465.5,gompertz,rate,-7.477,0.317
NCT01708902,Voluntary Withdrawal,-197.7,399.5,gompertz,shape,-0.01398,0.005107
NCT01708902,Voluntary Withdrawal,-197.7,399.5,gompertz,rate,-7.676,0.3475
NCT01719003,Adverse Event,-344.9,693.7,lnorm,meanlog,12.92,1.244
NCT01719003,Adverse Event,-344.9,693.7,lnorm,sdlog,1.4,0.1495
NCT01719003,Lost to Follow-up,-230.9,465.8,lnorm,meanlog,18.6,2.607
NCT01719003,Lost to Follow-up,-230.9,465.8,lnorm,sdlog,1.861,0.1839
NCT01719003,Other/Miscellaneous,-139.5,281,exp,rate,-9.73,0.2774
NCT01719003,Protocol Violation,-109.9,221.8,exp,rate,-9.992,0.3162
NCT01719003,Voluntary Withdrawal,-355.9,715.8,lnorm,meanlog,11.91,1.065
NCT01719003,Voluntary Withdrawal,-355.9,715.8,lnorm,sdlog,1.267,0.147
NCT01769378,Adverse Event,-91.53,187.1,gompertz,shape,-0.01847,0.008092
NCT01769378,Adverse Event,-91.53,187.1,gompertz,rate,-7.314,0.4847
NCT01769378,Voluntary Withdrawal,-94.79,191.6,exp,rate,-8.479,0.3162
NCT02152371,Voluntary Withdrawal,-96.26,194.5,exp,rate,-8.626,0.3162
NCT02172287,Adverse Event,-632.2,1268,lnorm,meanlog,8.652,0.4358
NCT02172287,Adverse Event,-632.2,1268,lnorm,sdlog,1.156,0.09548
NCT02172287,Voluntary Withdrawal,-206.2,416.3,lnorm,meanlog,13.61,1.714
NCT02172287,Voluntary Withdrawal,-206.2,416.3,lnorm,sdlog,1.578,0.184
NCT02172586,Voluntary Withdrawal,-129.2,262.4,gompertz,shape,-0.009109,0.005711
NCT02172586,Voluntary Withdrawal,-129.2,262.4,gompertz,rate,-7.654,0.4476
NCT02175355,Adverse Event,-187.3,378.6,lnorm,meanlog,8.613,1.012
NCT02175355,Adverse Event,-187.3,378.6,lnorm,sdlog,0.8823,0.1962
NCT02175355,Protocol Violation,-225.6,455.2,lnorm,meanlog,6.007,0.4131
NCT02175355,Protocol Violation,-225.6,455.2,lnorm,sdlog,0.1711,0.1706
NCT02177344,Adverse Event,-259.8,523.7,gompertz,shape,-0.02226,0.005138
NCT02177344,Adverse Event,-259.8,523.7,gompertz,rate,-6.787,0.2721
NCT02177344,Other/Miscellaneous,-195.7,395.4,gompertz,shape,-0.02497,0.006384
NCT02177344,Other/Miscellaneous,-195.7,395.4,gompertz,rate,-6.995,0.3137
NCT02177344,Voluntary Withdrawal,-168.1,340.2,gompertz,shape,-0.03226,0.00814
NCT02177344,Voluntary Withdrawal,-168.1,340.2,gompertz,rate,-6.906,0.3301
NCT02177396,Adverse Event,-101.4,206.8,gompertz,shape,-0.02868,0.019
NCT02177396,Adverse Event,-101.4,206.8,gompertz,rate,-6.863,0.4836
NCT02177396,Lack of Efficacy,-87.33,176.7,exp,rate,-7.733,0.3162
NCT02177461,Adverse Event,-144.7,293.5,gompertz,shape,-0.008634,0.005381
NCT02177461,Adverse Event,-144.7,293.5,gompertz,rate,-7.518,0.4134
NCT02177461,Lack of Efficacy,-263.3,530.5,lnorm,meanlog,6.609,0.2734
NCT02177461,Lack of Efficacy,-263.3,530.5,lnorm,sdlog,0.1408,0.1522
NCT02177461,Protocol Violation,-111.6,227.3,gompertz,shape,-0.01014,0.00637
NCT02177461,Protocol Violation,-111.6,227.3,gompertz,rate,-7.716,0.4689
NCT02177461,Voluntary Withdrawal,-326.2,656.4,gompertz,shape,-0.007167,0.00333
NCT02177461,Voluntary Withdrawal,-326.2,656.4,gompertz,rate,-6.693,0.2665
NCT02183064,Adverse Event,-359.3,722.7,gompertz,shape,-0.01959,0.004049
NCT02183064,Adverse Event,-359.3,722.7,gompertz,rate,-7.345,0.2405
NCT02183064,Other/Miscellaneous,-176.2,356.5,gompertz,shape,-0.007544,0.00483
NCT02183064,Other/Miscellaneous,-176.2,356.5,gompertz,rate,-8.846,0.4122
NCT02183064,Voluntary Withdrawal,-347.2,698.3,gompertz,shape,-0.01573,0.003802
NCT02183064,Voluntary Withdrawal,-347.2,698.3,gompertz,rate,-7.581,0.2541
NCT02200653,Adverse Event,-101.9,205.9,exp,rate,-7.495,0.2887
NCT02240680,Adverse Event,-113.4,230.8,gompertz,shape,-0.007448,0.004232
NCT02240680,Adverse Event,-113.4,230.8,gompertz,rate,-7.845,0.4487
NCT02489968,Adverse Event,-165.5,335,gompertz,shape,-0.004924,0.002813
NCT02489968,Adverse Event,-165.5,335,gompertz,rate,-8.209,0.3863
NCT02750410,Adverse Event,-113,228,exp,rate,-8.415,0.2887
