ctgov,cause,dist,param1,param2,r
NCT00034840,Lack of Efficacy,lnorm,meanlog,meanlog,0.4633
NCT00034840,Lack of Efficacy,lnorm,meanlog,sdlog,0.1726
NCT00034840,Lack of Efficacy,lnorm,sdlog,meanlog,0.1726
NCT00034840,Lack of Efficacy,lnorm,sdlog,sdlog,0.06765
NCT00051558,Adverse Event,lnorm,meanlog,meanlog,0.312
NCT00051558,Adverse Event,lnorm,meanlog,sdlog,0.06082
NCT00051558,Adverse Event,lnorm,sdlog,meanlog,0.06082
NCT00051558,Adverse Event,lnorm,sdlog,sdlog,0.01466
NCT00051558,Lost to Follow-up,exp,rate,rate,0.06667
NCT00051558,Other/Miscellaneous,gompertz,shape,shape,3.953e-7
NCT00051558,Other/Miscellaneous,gompertz,shape,rate,-1.391e-4
NCT00051558,Other/Miscellaneous,gompertz,rate,shape,-1.391e-4
NCT00051558,Other/Miscellaneous,gompertz,rate,rate,0.08017
NCT00051558,PI/Sponsor Decision,exp,rate,rate,0.08333
NCT00051558,Voluntary Withdrawal,exp,rate,rate,0.01429
NCT00125918,Adverse Event,exp,rate,rate,0.02174
NCT00152984,Adverse Event,exp,rate,rate,0.08333
NCT00153023,Adverse Event,gompertz,shape,shape,1.165e-6
NCT00153023,Adverse Event,gompertz,shape,rate,-1.545e-4
NCT00153023,Adverse Event,gompertz,rate,shape,-1.545e-4
NCT00153023,Adverse Event,gompertz,rate,rate,0.03184
NCT00153023,Other/Miscellaneous,gompertz,shape,shape,1.384e-5
NCT00153023,Other/Miscellaneous,gompertz,shape,rate,-8.085e-4
NCT00153023,Other/Miscellaneous,gompertz,rate,shape,-8.085e-4
NCT00153023,Other/Miscellaneous,gompertz,rate,rate,0.09268
NCT00153023,Protocol Violation,llogis,shape,shape,0.05878
NCT00153023,Protocol Violation,llogis,shape,scale,-0.3406
NCT00153023,Protocol Violation,llogis,scale,shape,-0.3406
NCT00153023,Protocol Violation,llogis,scale,scale,2.111
NCT00153023,Voluntary Withdrawal,lnorm,meanlog,meanlog,2.629
NCT00153023,Voluntary Withdrawal,lnorm,meanlog,sdlog,0.2597
NCT00153023,Voluntary Withdrawal,lnorm,sdlog,meanlog,0.2597
NCT00153023,Voluntary Withdrawal,lnorm,sdlog,sdlog,0.02734
NCT00153088,Adverse Event,lnorm,meanlog,meanlog,0.2299
NCT00153088,Adverse Event,lnorm,meanlog,sdlog,0.04902
NCT00153088,Adverse Event,lnorm,sdlog,meanlog,0.04902
NCT00153088,Adverse Event,lnorm,sdlog,sdlog,0.01268
NCT00153088,Voluntary Withdrawal,exp,rate,rate,0.08333
NCT00168831,Adverse Event,lnorm,meanlog,meanlog,0.077
NCT00168831,Adverse Event,lnorm,meanlog,sdlog,0.01607
NCT00168831,Adverse Event,lnorm,sdlog,meanlog,0.01607
NCT00168831,Adverse Event,lnorm,sdlog,sdlog,0.004511
NCT00168831,Lost to Follow-up,exp,rate,rate,0.07143
NCT00168831,Other/Miscellaneous,gompertz,shape,shape,8.743e-6
NCT00168831,Other/Miscellaneous,gompertz,shape,rate,-9.617e-4
NCT00168831,Other/Miscellaneous,gompertz,rate,shape,-9.617e-4
NCT00168831,Other/Miscellaneous,gompertz,rate,rate,0.1725
NCT00168831,Protocol Violation,gompertz,shape,shape,6.952e-6
NCT00168831,Protocol Violation,gompertz,shape,rate,-5.494e-4
NCT00168831,Protocol Violation,gompertz,rate,shape,-5.494e-4
NCT00168831,Protocol Violation,gompertz,rate,rate,0.07914
NCT00168831,Voluntary Withdrawal,lnorm,meanlog,meanlog,1.185
NCT00168831,Voluntary Withdrawal,lnorm,meanlog,sdlog,0.1434
NCT00168831,Voluntary Withdrawal,lnorm,sdlog,meanlog,0.1434
NCT00168831,Voluntary Withdrawal,lnorm,sdlog,sdlog,0.01878
NCT00168844,Adverse Event,lnorm,meanlog,meanlog,0.1175
NCT00168844,Adverse Event,lnorm,meanlog,sdlog,0.025
NCT00168844,Adverse Event,lnorm,sdlog,meanlog,0.025
NCT00168844,Adverse Event,lnorm,sdlog,sdlog,0.006527
NCT00168844,Lost to Follow-up,llogis,shape,shape,0.04697
NCT00168844,Lost to Follow-up,llogis,shape,scale,-0.2906
NCT00168844,Lost to Follow-up,llogis,scale,shape,-0.2906
NCT00168844,Lost to Follow-up,llogis,scale,scale,1.931
NCT00168844,Other/Miscellaneous,gompertz,shape,shape,5.805e-6
NCT00168844,Other/Miscellaneous,gompertz,shape,rate,-6.932e-4
NCT00168844,Other/Miscellaneous,gompertz,rate,shape,-6.932e-4
NCT00168844,Other/Miscellaneous,gompertz,rate,rate,0.1304
NCT00168844,Voluntary Withdrawal,gompertz,shape,shape,6.194e-6
NCT00168844,Voluntary Withdrawal,gompertz,shape,rate,-4.386e-4
NCT00168844,Voluntary Withdrawal,gompertz,rate,shape,-4.386e-4
NCT00168844,Voluntary Withdrawal,gompertz,rate,rate,0.05809
NCT00168857,Adverse Event,exp,rate,rate,0.01053
NCT00168857,Lost to Follow-up,weibull,shape,shape,0.07921
NCT00168857,Lost to Follow-up,weibull,shape,scale,-0.4923
NCT00168857,Lost to Follow-up,weibull,scale,shape,-0.4923
NCT00168857,Lost to Follow-up,weibull,scale,scale,3.24
NCT00168857,Other/Miscellaneous,gompertz,shape,shape,3.157e-5
NCT00168857,Other/Miscellaneous,gompertz,shape,rate,-0.001324
NCT00168857,Other/Miscellaneous,gompertz,rate,shape,-0.001324
NCT00168857,Other/Miscellaneous,gompertz,rate,rate,0.1111
NCT00168857,Protocol Violation,exp,rate,rate,0.03571
NCT00168857,Voluntary Withdrawal,llogis,shape,shape,0.05909
NCT00168857,Voluntary Withdrawal,llogis,shape,scale,-0.3307
NCT00168857,Voluntary Withdrawal,llogis,scale,shape,-0.3307
NCT00168857,Voluntary Withdrawal,llogis,scale,scale,1.98
NCT00239421,Adverse Event,exp,rate,rate,0.07143
NCT00274014,Adverse Event,lnorm,meanlog,meanlog,0.1238
NCT00274014,Adverse Event,lnorm,meanlog,sdlog,0.02599
NCT00274014,Adverse Event,lnorm,sdlog,meanlog,0.02599
NCT00274014,Adverse Event,lnorm,sdlog,sdlog,0.006636
NCT00274014,Lost to Follow-up,exp,rate,rate,0.03125
NCT00274014,Other/Miscellaneous,exp,rate,rate,0.02564
NCT00274014,Protocol Violation,lnorm,meanlog,meanlog,1.467
NCT00274014,Protocol Violation,lnorm,meanlog,sdlog,0.207
NCT00274014,Protocol Violation,lnorm,sdlog,meanlog,0.207
NCT00274014,Protocol Violation,lnorm,sdlog,sdlog,0.03088
NCT00274014,Voluntary Withdrawal,lnorm,meanlog,meanlog,0.5396
NCT00274014,Voluntary Withdrawal,lnorm,meanlog,sdlog,0.09005
NCT00274014,Voluntary Withdrawal,lnorm,sdlog,meanlog,0.09005
NCT00274014,Voluntary Withdrawal,lnorm,sdlog,sdlog,0.01641
NCT00274053,Adverse Event,gompertz,shape,shape,4.114e-6
NCT00274053,Adverse Event,gompertz,shape,rate,-4.208e-4
NCT00274053,Adverse Event,gompertz,rate,shape,-4.208e-4
NCT00274053,Adverse Event,gompertz,rate,rate,0.06576
NCT00274053,Other/Miscellaneous,gompertz,shape,shape,1.434e-5
NCT00274053,Other/Miscellaneous,gompertz,shape,rate,-0.001296
NCT00274053,Other/Miscellaneous,gompertz,rate,shape,-0.001296
NCT00274053,Other/Miscellaneous,gompertz,rate,rate,0.1887
NCT00274053,Protocol Violation,gompertz,shape,shape,8.439e-6
NCT00274053,Protocol Violation,gompertz,shape,rate,-8.897e-4
NCT00274053,Protocol Violation,gompertz,rate,shape,-8.897e-4
NCT00274053,Protocol Violation,gompertz,rate,rate,0.1414
NCT00274053,Voluntary Withdrawal,gompertz,shape,shape,8.285e-6
NCT00274053,Voluntary Withdrawal,gompertz,shape,rate,-7.251e-4
NCT00274053,Voluntary Withdrawal,gompertz,rate,shape,-7.251e-4
NCT00274053,Voluntary Withdrawal,gompertz,rate,rate,0.1035
NCT00274079,Adverse Event,lnorm,meanlog,meanlog,0.4532
NCT00274079,Adverse Event,lnorm,meanlog,sdlog,0.09467
NCT00274079,Adverse Event,lnorm,sdlog,meanlog,0.09467
NCT00274079,Adverse Event,lnorm,sdlog,sdlog,0.02284
NCT00274547,Adverse Event,gompertz,shape,shape,1.632e-6
NCT00274547,Adverse Event,gompertz,shape,rate,-1.063e-4
NCT00274547,Adverse Event,gompertz,rate,shape,-1.063e-4
NCT00274547,Adverse Event,gompertz,rate,rate,0.01085
NCT00274547,Lost to Follow-up,lnorm,meanlog,meanlog,1.732
NCT00274547,Lost to Follow-up,lnorm,meanlog,sdlog,0.3697
NCT00274547,Lost to Follow-up,lnorm,sdlog,meanlog,0.3697
NCT00274547,Lost to Follow-up,lnorm,sdlog,sdlog,0.08079
NCT00274547,Other/Miscellaneous,gompertz,shape,shape,2.682e-5
NCT00274547,Other/Miscellaneous,gompertz,shape,rate,-0.001182
NCT00274547,Other/Miscellaneous,gompertz,rate,shape,-0.001182
NCT00274547,Other/Miscellaneous,gompertz,rate,rate,0.09379
NCT00274547,Protocol Violation,exp,rate,rate,0.02778
NCT00274547,Voluntary Withdrawal,gompertz,shape,shape,6.573e-6
NCT00274547,Voluntary Withdrawal,gompertz,shape,rate,-4.396e-4
NCT00274547,Voluntary Withdrawal,gompertz,rate,shape,-4.396e-4
NCT00274547,Voluntary Withdrawal,gompertz,rate,rate,0.04553
NCT00274560,Adverse Event,lnorm,meanlog,meanlog,0.474
NCT00274560,Adverse Event,lnorm,meanlog,sdlog,0.08352
NCT00274560,Adverse Event,lnorm,sdlog,meanlog,0.08352
NCT00274560,Adverse Event,lnorm,sdlog,sdlog,0.01661
NCT00274560,Voluntary Withdrawal,exp,rate,rate,0.08333
NCT00274599,Adverse Event,gompertz,shape,shape,4.103e-5
NCT00274599,Adverse Event,gompertz,shape,rate,-0.001479
NCT00274599,Adverse Event,gompertz,rate,shape,-0.001479
NCT00274599,Adverse Event,gompertz,rate,rate,0.08276
NCT00274599,Lack of Efficacy,exp,rate,rate,0.08333
NCT00274599,Lost to Follow-up,exp,rate,rate,0.1
NCT00274599,Other/Miscellaneous,gompertz,shape,shape,3.42e-4
NCT00274599,Other/Miscellaneous,gompertz,shape,rate,-0.006121
NCT00274599,Other/Miscellaneous,gompertz,rate,shape,-0.006121
NCT00274599,Other/Miscellaneous,gompertz,rate,rate,0.2096
NCT00274599,Voluntary Withdrawal,exp,rate,rate,0.05556
NCT00274612,Adverse Event,gompertz,shape,shape,3.403e-5
NCT00274612,Adverse Event,gompertz,shape,rate,-0.001429
NCT00274612,Adverse Event,gompertz,rate,shape,-0.001429
NCT00274612,Adverse Event,gompertz,rate,rate,0.0878
NCT00274612,Lack of Efficacy,exp,rate,rate,0.1
NCT00274612,Other/Miscellaneous,exp,rate,rate,0.05882
NCT00277264,Adverse Event,lnorm,meanlog,meanlog,0.1909
NCT00277264,Adverse Event,lnorm,meanlog,sdlog,0.03192
NCT00277264,Adverse Event,lnorm,sdlog,meanlog,0.03192
NCT00277264,Adverse Event,lnorm,sdlog,sdlog,0.006625
NCT00277264,Other/Miscellaneous,exp,rate,rate,0.07692
NCT00277264,Protocol Violation,gompertz,shape,shape,9.534e-6
NCT00277264,Protocol Violation,gompertz,shape,rate,-0.001039
NCT00277264,Protocol Violation,gompertz,rate,shape,-0.001039
NCT00277264,Protocol Violation,gompertz,rate,rate,0.1846
NCT00277264,Voluntary Withdrawal,gompertz,shape,shape,2.004e-6
NCT00277264,Voluntary Withdrawal,gompertz,shape,rate,-2.051e-4
NCT00277264,Voluntary Withdrawal,gompertz,rate,shape,-2.051e-4
NCT00277264,Voluntary Withdrawal,gompertz,rate,rate,0.03507
NCT00321854,Adverse Event,gompertz,shape,shape,9.012e-7
NCT00321854,Adverse Event,gompertz,shape,rate,-1.486e-4
NCT00321854,Adverse Event,gompertz,rate,shape,-1.486e-4
NCT00321854,Adverse Event,gompertz,rate,rate,0.03642
NCT00321854,Lack of Efficacy,exp,rate,rate,0.04348
NCT00321854,Protocol Violation,exp,rate,rate,0.09091
NCT00321854,Voluntary Withdrawal,gompertz,shape,shape,4.474e-6
NCT00321854,Voluntary Withdrawal,gompertz,shape,rate,-5.278e-4
NCT00321854,Voluntary Withdrawal,gompertz,rate,shape,-5.278e-4
NCT00321854,Voluntary Withdrawal,gompertz,rate,rate,0.1057
NCT00384930,Adverse Event,lnorm,meanlog,meanlog,0.3557
NCT00384930,Adverse Event,lnorm,meanlog,sdlog,0.07498
NCT00384930,Adverse Event,lnorm,sdlog,meanlog,0.07498
NCT00384930,Adverse Event,lnorm,sdlog,sdlog,0.01711
NCT00384930,Other/Miscellaneous,gompertz,shape,shape,8.05e-5
NCT00384930,Other/Miscellaneous,gompertz,shape,rate,-0.002244
NCT00384930,Other/Miscellaneous,gompertz,rate,shape,-0.002244
NCT00384930,Other/Miscellaneous,gompertz,rate,rate,0.1026
NCT00384930,PI/Sponsor Decision,lnorm,meanlog,meanlog,0.7102
NCT00384930,PI/Sponsor Decision,lnorm,meanlog,sdlog,0.1974
NCT00384930,PI/Sponsor Decision,lnorm,sdlog,meanlog,0.1974
NCT00384930,PI/Sponsor Decision,lnorm,sdlog,sdlog,0.05692
NCT00384930,Protocol Violation,exp,rate,rate,0.09091
NCT00384930,Voluntary Withdrawal,exp,rate,rate,0.02632
NCT00402233,Adverse Event,gompertz,shape,shape,7.894e-5
NCT00402233,Adverse Event,gompertz,shape,rate,-0.00222
NCT00402233,Adverse Event,gompertz,rate,shape,-0.00222
NCT00402233,Adverse Event,gompertz,rate,rate,0.1009
NCT00466167,Adverse Event,gompertz,shape,shape,1.409e-5
NCT00466167,Adverse Event,gompertz,shape,rate,-0.00084079999999999995
NCT00466167,Adverse Event,gompertz,rate,shape,-0.00084079999999999995
NCT00466167,Adverse Event,gompertz,rate,rate,0.08722
NCT00466167,Voluntary Withdrawal,exp,rate,rate,0.05556
NCT00472199,Adverse Event,gompertz,shape,shape,1.327e-5
NCT00472199,Adverse Event,gompertz,shape,rate,-6.425e-4
NCT00472199,Adverse Event,gompertz,rate,shape,-6.425e-4
NCT00472199,Adverse Event,gompertz,rate,rate,0.05491
NCT00472199,Lack of Efficacy,gompertz,shape,shape,1.862e-5
NCT00472199,Lack of Efficacy,gompertz,shape,rate,-9.264e-4
NCT00472199,Lack of Efficacy,gompertz,rate,shape,-9.264e-4
NCT00472199,Lack of Efficacy,gompertz,rate,rate,0.08063
NCT00472199,Voluntary Withdrawal,gompertz,shape,shape,4.749e-5
NCT00472199,Voluntary Withdrawal,gompertz,shape,rate,-0.002426
NCT00472199,Voluntary Withdrawal,gompertz,rate,shape,-0.002426
NCT00472199,Voluntary Withdrawal,gompertz,rate,rate,0.2149
NCT00479401,Adverse Event,gompertz,shape,shape,6.21e-6
NCT00479401,Adverse Event,gompertz,shape,rate,-4.381e-4
NCT00479401,Adverse Event,gompertz,rate,shape,-4.381e-4
NCT00479401,Adverse Event,gompertz,rate,rate,0.05174
NCT00479401,Voluntary Withdrawal,gompertz,shape,shape,9.235e-6
NCT00479401,Voluntary Withdrawal,gompertz,shape,rate,-7.87e-4
NCT00479401,Voluntary Withdrawal,gompertz,rate,shape,-7.87e-4
NCT00479401,Voluntary Withdrawal,gompertz,rate,rate,0.1041
NCT00525512,Adverse Event,weibull,shape,shape,0.01182
NCT00525512,Adverse Event,weibull,shape,scale,-0.02532
NCT00525512,Adverse Event,weibull,scale,shape,-0.02532
NCT00525512,Adverse Event,weibull,scale,scale,0.07272
NCT00525512,Lack of Efficacy,gompertz,shape,shape,2.655e-6
NCT00525512,Lack of Efficacy,gompertz,shape,rate,-4.23e-4
NCT00525512,Lack of Efficacy,gompertz,rate,shape,-4.23e-4
NCT00525512,Lack of Efficacy,gompertz,rate,rate,0.123
NCT00525512,Other/Miscellaneous,gompertz,shape,shape,3.354e-6
NCT00525512,Other/Miscellaneous,gompertz,shape,rate,-3.719e-4
NCT00525512,Other/Miscellaneous,gompertz,rate,shape,-3.719e-4
NCT00525512,Other/Miscellaneous,gompertz,rate,rate,0.08124
NCT00525512,Voluntary Withdrawal,lnorm,meanlog,meanlog,1.894
NCT00525512,Voluntary Withdrawal,lnorm,meanlog,sdlog,0.2133
NCT00525512,Voluntary Withdrawal,lnorm,sdlog,meanlog,0.2133
NCT00525512,Voluntary Withdrawal,lnorm,sdlog,sdlog,0.02658
NCT00563381,Adverse Event,gompertz,shape,shape,1.875e-7
NCT00563381,Adverse Event,gompertz,shape,rate,-2.46e-5
NCT00563381,Adverse Event,gompertz,rate,shape,-2.46e-5
NCT00563381,Adverse Event,gompertz,rate,rate,0.005026
NCT00563381,Lack of Efficacy,gompertz,shape,shape,1.986e-6
NCT00563381,Lack of Efficacy,gompertz,shape,rate,-2.417e-4
NCT00563381,Lack of Efficacy,gompertz,rate,shape,-2.417e-4
NCT00563381,Lack of Efficacy,gompertz,rate,rate,0.04728
NCT00563381,Lost to Follow-up,exp,rate,rate,0.04545
NCT00563381,Other/Miscellaneous,lnorm,meanlog,meanlog,1.537
NCT00563381,Other/Miscellaneous,lnorm,meanlog,sdlog,0.1446
NCT00563381,Other/Miscellaneous,lnorm,sdlog,meanlog,0.1446
NCT00563381,Other/Miscellaneous,lnorm,sdlog,sdlog,0.01397
NCT00563381,Protocol Violation,gompertz,shape,shape,9.595e-7
NCT00563381,Protocol Violation,gompertz,shape,rate,-9.822e-5
NCT00563381,Protocol Violation,gompertz,rate,shape,-9.822e-5
NCT00563381,Protocol Violation,gompertz,rate,rate,0.01725
NCT00563381,Voluntary Withdrawal,gompertz,shape,shape,3.353e-7
NCT00563381,Voluntary Withdrawal,gompertz,shape,rate,-3.409e-5
NCT00563381,Voluntary Withdrawal,gompertz,rate,shape,-3.409e-5
NCT00563381,Voluntary Withdrawal,gompertz,rate,rate,0.005962
NCT00601250,Adverse Event,exp,rate,rate,0.09091
NCT00601250,Other/Miscellaneous,exp,rate,rate,0.1
NCT00601250,Voluntary Withdrawal,gompertz,shape,shape,2.644e-5
NCT00601250,Voluntary Withdrawal,gompertz,shape,rate,-0.001719
NCT00601250,Voluntary Withdrawal,gompertz,rate,shape,-0.001719
NCT00601250,Voluntary Withdrawal,gompertz,rate,rate,0.1705
NCT00602472,Adverse Event,lnorm,meanlog,meanlog,1.51
NCT00602472,Adverse Event,lnorm,meanlog,sdlog,0.2026
NCT00602472,Adverse Event,lnorm,sdlog,meanlog,0.2026
NCT00602472,Adverse Event,lnorm,sdlog,sdlog,0.0287
NCT00602472,Protocol Violation,exp,rate,rate,0.04545
NCT00602472,Voluntary Withdrawal,exp,rate,rate,0.04762
NCT00622284,Adverse Event,lnorm,meanlog,meanlog,0.1474
NCT00622284,Adverse Event,lnorm,meanlog,sdlog,0.02468
NCT00622284,Adverse Event,lnorm,sdlog,meanlog,0.02468
NCT00622284,Adverse Event,lnorm,sdlog,sdlog,0.004902
NCT00622284,Lack of Efficacy,exp,rate,rate,0.01667
NCT00622284,Lost to Follow-up,exp,rate,rate,0.04545
NCT00622284,Other/Miscellaneous,gompertz,shape,shape,4.336e-7
NCT00622284,Other/Miscellaneous,gompertz,shape,rate,-1.205e-4
NCT00622284,Other/Miscellaneous,gompertz,rate,shape,-1.205e-4
NCT00622284,Other/Miscellaneous,gompertz,rate,rate,0.05105
NCT00622284,Protocol Violation,exp,rate,rate,0.05882
NCT00622284,Voluntary Withdrawal,gompertz,shape,shape,6.326e-7
NCT00622284,Voluntary Withdrawal,gompertz,shape,rate,-1.348e-4
NCT00622284,Voluntary Withdrawal,gompertz,rate,shape,-1.348e-4
NCT00622284,Voluntary Withdrawal,gompertz,rate,rate,0.04873
NCT00641043,Adverse Event,lnorm,meanlog,meanlog,8.915
NCT00641043,Adverse Event,lnorm,meanlog,sdlog,0.8314
NCT00641043,Adverse Event,lnorm,sdlog,meanlog,0.8314
NCT00641043,Adverse Event,lnorm,sdlog,sdlog,0.08167
NCT00654381,Adverse Event,lnorm,meanlog,meanlog,0.07069
NCT00654381,Adverse Event,lnorm,meanlog,sdlog,0.05116
NCT00654381,Adverse Event,lnorm,sdlog,meanlog,0.05116
NCT00654381,Adverse Event,lnorm,sdlog,sdlog,0.03969
NCT00734474,Adverse Event,exp,rate,rate,0.004329
NCT00734474,Lack of Efficacy,gompertz,shape,shape,2.235e-6
NCT00734474,Lack of Efficacy,gompertz,shape,rate,-4.857e-4
NCT00734474,Lack of Efficacy,gompertz,rate,shape,-4.857e-4
NCT00734474,Lack of Efficacy,gompertz,rate,rate,0.177
NCT00734474,Lost to Follow-up,gompertz,shape,shape,8.418e-7
NCT00734474,Lost to Follow-up,gompertz,shape,rate,-2.304e-4
NCT00734474,Lost to Follow-up,gompertz,rate,shape,-2.304e-4
NCT00734474,Lost to Follow-up,gompertz,rate,rate,0.09641
NCT00734474,Other/Miscellaneous,gompertz,shape,shape,2.066e-6
NCT00734474,Other/Miscellaneous,gompertz,shape,rate,-4.839e-4
NCT00734474,Other/Miscellaneous,gompertz,rate,shape,-4.839e-4
NCT00734474,Other/Miscellaneous,gompertz,rate,rate,0.1848
NCT00734474,PI/Sponsor Decision,lnorm,meanlog,meanlog,1.067
NCT00734474,PI/Sponsor Decision,lnorm,meanlog,sdlog,0.1463
NCT00734474,PI/Sponsor Decision,lnorm,sdlog,meanlog,0.1463
NCT00734474,PI/Sponsor Decision,lnorm,sdlog,sdlog,0.02147
NCT00734474,Protocol Violation,exp,rate,rate,0.09091
NCT00734474,Voluntary Withdrawal,lnorm,meanlog,meanlog,0.1486
NCT00734474,Voluntary Withdrawal,lnorm,meanlog,sdlog,0.03008
NCT00734474,Voluntary Withdrawal,lnorm,sdlog,meanlog,0.03008
NCT00734474,Voluntary Withdrawal,lnorm,sdlog,sdlog,0.007213
NCT00740051,Lost to Follow-up,exp,rate,rate,0.09091
NCT00740051,Voluntary Withdrawal,gompertz,shape,shape,8.459e-6
NCT00740051,Voluntary Withdrawal,gompertz,shape,rate,-9.625e-4
NCT00740051,Voluntary Withdrawal,gompertz,rate,shape,-9.625e-4
NCT00740051,Voluntary Withdrawal,gompertz,rate,rate,0.181
NCT00772538,Adverse Event,exp,rate,rate,0.08333
NCT00772538,Other/Miscellaneous,llogis,shape,shape,0.06929
NCT00772538,Other/Miscellaneous,llogis,shape,scale,-0.4859
NCT00772538,Other/Miscellaneous,llogis,scale,shape,-0.4859
NCT00772538,Other/Miscellaneous,llogis,scale,scale,3.709
NCT00772538,Voluntary Withdrawal,exp,rate,rate,0.09091
NCT00776984,Adverse Event,exp,rate,rate,0.1
NCT00776984,Other/Miscellaneous,exp,rate,rate,0.07143
NCT00776984,Voluntary Withdrawal,exp,rate,rate,0.05263
NCT00782210,Adverse Event,lnorm,meanlog,meanlog,0.2688
NCT00782210,Adverse Event,lnorm,meanlog,sdlog,0.05582
NCT00782210,Adverse Event,lnorm,sdlog,meanlog,0.05582
NCT00782210,Adverse Event,lnorm,sdlog,sdlog,0.01355
NCT00782210,Lack of Efficacy,lnorm,meanlog,meanlog,3.304
NCT00782210,Lack of Efficacy,lnorm,meanlog,sdlog,0.3685
NCT00782210,Lack of Efficacy,lnorm,sdlog,meanlog,0.3685
NCT00782210,Lack of Efficacy,lnorm,sdlog,sdlog,0.04362
NCT00782210,Voluntary Withdrawal,gompertz,shape,shape,4.88e-6
NCT00782210,Voluntary Withdrawal,gompertz,shape,rate,-4.875e-4
NCT00782210,Voluntary Withdrawal,gompertz,rate,shape,-4.875e-4
NCT00782210,Voluntary Withdrawal,gompertz,rate,rate,0.08203
NCT00782509,Adverse Event,lnorm,meanlog,meanlog,0.3947
NCT00782509,Adverse Event,lnorm,meanlog,sdlog,0.07163
NCT00782509,Adverse Event,lnorm,sdlog,meanlog,0.07163
NCT00782509,Adverse Event,lnorm,sdlog,sdlog,0.01491
NCT00782509,Lack of Efficacy,exp,rate,rate,0.05882
NCT00782509,Other/Miscellaneous,lnorm,meanlog,meanlog,19.33
NCT00782509,Other/Miscellaneous,lnorm,meanlog,sdlog,1.247
NCT00782509,Other/Miscellaneous,lnorm,sdlog,meanlog,1.247
NCT00782509,Other/Miscellaneous,lnorm,sdlog,sdlog,0.08348
NCT00782509,Voluntary Withdrawal,lnorm,meanlog,meanlog,2.79
NCT00782509,Voluntary Withdrawal,lnorm,meanlog,sdlog,0.3758
NCT00782509,Voluntary Withdrawal,lnorm,sdlog,meanlog,0.3758
NCT00782509,Voluntary Withdrawal,lnorm,sdlog,sdlog,0.05325
NCT00793624,Adverse Event,lnorm,meanlog,meanlog,0.4076
NCT00793624,Adverse Event,lnorm,meanlog,sdlog,0.0639
NCT00793624,Adverse Event,lnorm,sdlog,meanlog,0.0639
NCT00793624,Adverse Event,lnorm,sdlog,sdlog,0.01139
NCT00793624,Lack of Efficacy,gompertz,shape,shape,1.701e-5
NCT00793624,Lack of Efficacy,gompertz,shape,rate,-0.001127
NCT00793624,Lack of Efficacy,gompertz,rate,shape,-0.001127
NCT00793624,Lack of Efficacy,gompertz,rate,rate,0.1414
NCT00793624,Other/Miscellaneous,lnorm,meanlog,meanlog,0.5719
NCT00793624,Other/Miscellaneous,lnorm,meanlog,sdlog,0.1579
NCT00793624,Other/Miscellaneous,lnorm,sdlog,meanlog,0.1579
NCT00793624,Other/Miscellaneous,lnorm,sdlog,sdlog,0.04574
NCT00793624,Protocol Violation,gompertz,shape,shape,1.621e-5
NCT00793624,Protocol Violation,gompertz,shape,rate,-0.001485
NCT00793624,Protocol Violation,gompertz,rate,shape,-0.001485
NCT00793624,Protocol Violation,gompertz,rate,rate,0.236
NCT00793624,Voluntary Withdrawal,gompertz,shape,shape,2.588e-6
NCT00793624,Voluntary Withdrawal,gompertz,shape,rate,-2.754e-4
NCT00793624,Voluntary Withdrawal,gompertz,rate,shape,-2.754e-4
NCT00793624,Voluntary Withdrawal,gompertz,rate,rate,0.04817
NCT00798161,Adverse Event,gompertz,shape,shape,2.062e-5
NCT00798161,Adverse Event,gompertz,shape,rate,-0.001107
NCT00798161,Adverse Event,gompertz,rate,shape,-0.001107
NCT00798161,Adverse Event,gompertz,rate,rate,0.0979
NCT00798161,Lack of Efficacy,exp,rate,rate,0.05882
NCT00798161,Lost to Follow-up,lnorm,meanlog,meanlog,0.8551
NCT00798161,Lost to Follow-up,lnorm,meanlog,sdlog,0.2183
NCT00798161,Lost to Follow-up,lnorm,sdlog,meanlog,0.2183
NCT00798161,Lost to Follow-up,lnorm,sdlog,sdlog,0.05815
NCT00798161,Protocol Violation,gompertz,shape,shape,4.162e-5
NCT00798161,Protocol Violation,gompertz,shape,rate,-0.002069
NCT00798161,Protocol Violation,gompertz,rate,shape,-0.002069
NCT00798161,Protocol Violation,gompertz,rate,rate,0.1743
NCT00798161,Voluntary Withdrawal,gompertz,shape,shape,2.246e-5
NCT00798161,Voluntary Withdrawal,gompertz,shape,rate,-0.001385
NCT00798161,Voluntary Withdrawal,gompertz,rate,shape,-0.001385
NCT00798161,Voluntary Withdrawal,gompertz,rate,rate,0.133
NCT00800683,Adverse Event,exp,rate,rate,0.05263
NCT00848081,Adverse Event,exp,rate,rate,0.08333
NCT00855582,Adverse Event,gompertz,shape,shape,2.136e-4
NCT00855582,Adverse Event,gompertz,shape,rate,-0.005262
NCT00855582,Adverse Event,gompertz,rate,shape,-0.005262
NCT00855582,Adverse Event,gompertz,rate,rate,0.2205
NCT00855582,Lack of Efficacy,exp,rate,rate,0.08333
NCT00855582,Other/Miscellaneous,exp,rate,rate,0.0625
NCT00855582,Protocol Violation,exp,rate,rate,0.08333
NCT00855582,Voluntary Withdrawal,gompertz,shape,shape,1.135e-4
NCT00855582,Voluntary Withdrawal,gompertz,shape,rate,-0.003632
NCT00855582,Voluntary Withdrawal,gompertz,rate,shape,-0.003632
NCT00855582,Voluntary Withdrawal,gompertz,rate,rate,0.1787
NCT00861757,Adverse Event,exp,rate,rate,0.06667
NCT00861757,Voluntary Withdrawal,exp,rate,rate,0.07692
NCT00915772,Adverse Event,exp,rate,rate,0.02778
NCT00915772,Lack of Efficacy,lnorm,meanlog,meanlog,0.1233
NCT00915772,Lack of Efficacy,lnorm,meanlog,sdlog,0.05624
NCT00915772,Lack of Efficacy,lnorm,sdlog,meanlog,0.05624
NCT00915772,Lack of Efficacy,lnorm,sdlog,sdlog,0.02814
NCT00915772,Other/Miscellaneous,exp,rate,rate,0.05556
NCT00915772,Voluntary Withdrawal,llogis,shape,shape,0.05628
NCT00915772,Voluntary Withdrawal,llogis,shape,scale,-0.3041
NCT00915772,Voluntary Withdrawal,llogis,scale,shape,-0.3041
NCT00915772,Voluntary Withdrawal,llogis,scale,scale,1.791
NCT00926289,Adverse Event,gompertz,shape,shape,3.176e-4
NCT00926289,Adverse Event,gompertz,shape,rate,-0.00505
NCT00926289,Adverse Event,gompertz,rate,shape,-0.00505
NCT00926289,Adverse Event,gompertz,rate,rate,0.1303
NCT00926289,Protocol Violation,exp,rate,rate,0.05
NCT00954447,Adverse Event,gompertz,shape,shape,1.277e-6
NCT00954447,Adverse Event,gompertz,shape,rate,-2.116e-4
NCT00954447,Adverse Event,gompertz,rate,shape,-2.116e-4
NCT00954447,Adverse Event,gompertz,rate,rate,0.05632
NCT00954447,Lack of Efficacy,exp,rate,rate,0.05556
NCT00954447,Lost to Follow-up,gompertz,shape,shape,3.958e-6
NCT00954447,Lost to Follow-up,gompertz,shape,rate,-5.218e-4
NCT00954447,Lost to Follow-up,gompertz,rate,shape,-5.218e-4
NCT00954447,Lost to Follow-up,gompertz,rate,rate,0.1188
NCT00954447,Other/Miscellaneous,gompertz,shape,shape,1.52e-6
NCT00954447,Other/Miscellaneous,gompertz,shape,rate,-2.919e-4
NCT00954447,Other/Miscellaneous,gompertz,rate,shape,-2.919e-4
NCT00954447,Other/Miscellaneous,gompertz,rate,rate,0.08547
NCT00954447,Voluntary Withdrawal,gompertz,shape,shape,1.318e-6
NCT00954447,Voluntary Withdrawal,gompertz,shape,rate,-2.546e-4
NCT00954447,Voluntary Withdrawal,gompertz,rate,shape,-2.546e-4
NCT00954447,Voluntary Withdrawal,gompertz,rate,rate,0.07482
NCT00970632,Protocol Violation,lnorm,meanlog,meanlog,0.2415
NCT00970632,Protocol Violation,lnorm,meanlog,sdlog,0.09166
NCT00970632,Protocol Violation,lnorm,sdlog,meanlog,0.09166
NCT00970632,Protocol Violation,lnorm,sdlog,sdlog,0.03755
NCT00970632,Voluntary Withdrawal,exp,rate,rate,0.0625
NCT00975195,Adverse Event,gompertz,shape,shape,4.426e-7
NCT00975195,Adverse Event,gompertz,shape,rate,-7.041e-5
NCT00975195,Adverse Event,gompertz,rate,shape,-7.041e-5
NCT00975195,Adverse Event,gompertz,rate,rate,0.01601
NCT00975195,Lack of Efficacy,gompertz,shape,shape,1.041e-5
NCT00975195,Lack of Efficacy,gompertz,shape,rate,-0.001128
NCT00975195,Lack of Efficacy,gompertz,rate,shape,-0.001128
NCT00975195,Lack of Efficacy,gompertz,rate,rate,0.2057
NCT00975195,Lost to Follow-up,exp,rate,rate,0.0625
NCT00975195,Other/Miscellaneous,exp,rate,rate,0.01613
NCT00975195,Protocol Violation,exp,rate,rate,0.02
NCT00975195,Voluntary Withdrawal,gompertz,shape,shape,9.92e-7
NCT00975195,Voluntary Withdrawal,gompertz,shape,rate,-1.242e-4
NCT00975195,Voluntary Withdrawal,gompertz,rate,shape,-1.242e-4
NCT00975195,Voluntary Withdrawal,gompertz,rate,rate,0.02472
NCT00996658,Other/Miscellaneous,lnorm,meanlog,meanlog,0.4501
NCT00996658,Other/Miscellaneous,lnorm,meanlog,sdlog,0.1467
NCT00996658,Other/Miscellaneous,lnorm,sdlog,meanlog,0.1467
NCT00996658,Other/Miscellaneous,lnorm,sdlog,sdlog,0.0526
NCT01064687,Adverse Event,gompertz,shape,shape,7.277e-6
NCT01064687,Adverse Event,gompertz,shape,rate,-5.749e-4
NCT01064687,Adverse Event,gompertz,rate,shape,-5.749e-4
NCT01064687,Adverse Event,gompertz,rate,rate,0.08388
NCT01064687,Lost to Follow-up,llogis,shape,shape,0.03843
NCT01064687,Lost to Follow-up,llogis,shape,scale,-0.07931
NCT01064687,Lost to Follow-up,llogis,scale,shape,-0.07931
NCT01064687,Lost to Follow-up,llogis,scale,scale,0.1771
NCT01064687,Voluntary Withdrawal,exp,rate,rate,0.03448
NCT01075282,Adverse Event,lnorm,meanlog,meanlog,2.112
NCT01075282,Adverse Event,lnorm,meanlog,sdlog,0.2704
NCT01075282,Adverse Event,lnorm,sdlog,meanlog,0.2704
NCT01075282,Adverse Event,lnorm,sdlog,sdlog,0.03657
NCT01075282,Other/Miscellaneous,lnorm,meanlog,meanlog,9.724
NCT01075282,Other/Miscellaneous,lnorm,meanlog,sdlog,0.7733
NCT01075282,Other/Miscellaneous,lnorm,sdlog,meanlog,0.7733
NCT01075282,Other/Miscellaneous,lnorm,sdlog,sdlog,0.06388
NCT01075282,Voluntary Withdrawal,lnorm,meanlog,meanlog,2.252
NCT01075282,Voluntary Withdrawal,lnorm,meanlog,sdlog,0.2546
NCT01075282,Voluntary Withdrawal,lnorm,sdlog,meanlog,0.2546
NCT01075282,Voluntary Withdrawal,lnorm,sdlog,sdlog,0.03064
NCT01084005,Protocol Violation,exp,rate,rate,0.1
NCT01087502,Adverse Event,exp,rate,rate,0.03704
NCT01126437,Adverse Event,llogis,shape,shape,4.96e-4
NCT01126437,Adverse Event,llogis,shape,scale,-0.001417
NCT01126437,Adverse Event,llogis,scale,shape,-0.001417
NCT01126437,Adverse Event,llogis,scale,scale,0.005132
NCT01126437,Lack of Efficacy,gompertz,shape,shape,1.301e-7
NCT01126437,Lack of Efficacy,gompertz,shape,rate,-3.176e-5
NCT01126437,Lack of Efficacy,gompertz,rate,shape,-3.176e-5
NCT01126437,Lack of Efficacy,gompertz,rate,rate,0.01319
NCT01126437,Lost to Follow-up,llogis,shape,shape,0.005502
NCT01126437,Lost to Follow-up,llogis,shape,scale,-0.03567
NCT01126437,Lost to Follow-up,llogis,scale,shape,-0.03567
NCT01126437,Lost to Follow-up,llogis,scale,scale,0.2433
NCT01126437,Other/Miscellaneous,exp,rate,rate,0.001773
NCT01126437,Protocol Violation,weibull,shape,shape,0.005491
NCT01126437,Protocol Violation,weibull,shape,scale,-0.03752
NCT01126437,Protocol Violation,weibull,scale,shape,-0.03752
NCT01126437,Protocol Violation,weibull,scale,scale,0.2696
NCT01126437,Voluntary Withdrawal,lnorm,meanlog,meanlog,0.04312
NCT01126437,Voluntary Withdrawal,lnorm,meanlog,sdlog,0.005455
NCT01126437,Voluntary Withdrawal,lnorm,sdlog,meanlog,0.005455
NCT01126437,Voluntary Withdrawal,lnorm,sdlog,sdlog,7.66e-4
NCT01126580,Adverse Event,gompertz,shape,shape,4.25e-6
NCT01126580,Adverse Event,gompertz,shape,rate,-4.078e-4
NCT01126580,Adverse Event,gompertz,rate,shape,-4.078e-4
NCT01126580,Adverse Event,gompertz,rate,rate,0.06855
NCT01126580,Lost to Follow-up,exp,rate,rate,0.03704
NCT01126580,PI/Sponsor Decision,exp,rate,rate,0.05
NCT01126580,Voluntary Withdrawal,exp,rate,rate,0.025
NCT01159600,Adverse Event,gompertz,shape,shape,1.381e-5
NCT01159600,Adverse Event,gompertz,shape,rate,-8.349e-4
NCT01159600,Adverse Event,gompertz,rate,shape,-8.349e-4
NCT01159600,Adverse Event,gompertz,rate,rate,0.07904
NCT01159600,Lost to Follow-up,lnorm,meanlog,meanlog,0.8875
NCT01159600,Lost to Follow-up,lnorm,meanlog,sdlog,0.2422
NCT01159600,Lost to Follow-up,lnorm,sdlog,meanlog,0.2422
NCT01159600,Lost to Follow-up,lnorm,sdlog,sdlog,0.06804
NCT01159600,Other/Miscellaneous,llogis,shape,shape,0.04653
NCT01159600,Other/Miscellaneous,llogis,shape,scale,-0.2711
NCT01159600,Other/Miscellaneous,llogis,scale,shape,-0.2711
NCT01159600,Other/Miscellaneous,llogis,scale,scale,1.677
NCT01159600,Voluntary Withdrawal,gompertz,shape,shape,2.277e-5
NCT01159600,Voluntary Withdrawal,gompertz,shape,rate,-0.001322
NCT01159600,Voluntary Withdrawal,gompertz,rate,shape,-0.001322
NCT01159600,Voluntary Withdrawal,gompertz,rate,rate,0.1222
NCT01164501,Adverse Event,lnorm,meanlog,meanlog,0.5394
NCT01164501,Adverse Event,lnorm,meanlog,sdlog,0.09414
NCT01164501,Adverse Event,lnorm,sdlog,meanlog,0.09414
NCT01164501,Adverse Event,lnorm,sdlog,sdlog,0.01817
NCT01164501,Other/Miscellaneous,exp,rate,rate,0.07692
NCT01164501,Voluntary Withdrawal,gompertz,shape,shape,4.443e-6
NCT01164501,Voluntary Withdrawal,gompertz,shape,rate,-6.336e-4
NCT01164501,Voluntary Withdrawal,gompertz,rate,shape,-6.336e-4
NCT01164501,Voluntary Withdrawal,gompertz,rate,rate,0.1358
NCT01167881,Adverse Event,gompertz,shape,shape,2.003e-7
NCT01167881,Adverse Event,gompertz,shape,rate,-5.918e-5
NCT01167881,Adverse Event,gompertz,rate,shape,-5.918e-5
NCT01167881,Adverse Event,gompertz,rate,rate,0.03242
NCT01167881,Lost to Follow-up,gompertz,shape,shape,4.609e-7
NCT01167881,Lost to Follow-up,gompertz,shape,rate,-1.43e-4
NCT01167881,Lost to Follow-up,gompertz,rate,shape,-1.43e-4
NCT01167881,Lost to Follow-up,gompertz,rate,rate,0.08142
NCT01167881,Other/Miscellaneous,gompertz,shape,shape,2.26e-7
NCT01167881,Other/Miscellaneous,gompertz,shape,rate,-6.634e-5
NCT01167881,Other/Miscellaneous,gompertz,rate,shape,-6.634e-5
NCT01167881,Other/Miscellaneous,gompertz,rate,rate,0.03614
NCT01167881,Protocol Violation,gompertz,shape,shape,1.577e-6
NCT01167881,Protocol Violation,gompertz,shape,rate,-2.853e-4
NCT01167881,Protocol Violation,gompertz,rate,shape,-2.853e-4
NCT01167881,Protocol Violation,gompertz,rate,rate,0.1016
NCT01167881,Voluntary Withdrawal,gompertz,shape,shape,1.589e-7
NCT01167881,Voluntary Withdrawal,gompertz,shape,rate,-5.948e-5
NCT01167881,Voluntary Withdrawal,gompertz,rate,shape,-5.948e-5
NCT01167881,Voluntary Withdrawal,gompertz,rate,rate,0.03893
NCT01177813,Adverse Event,llogis,shape,shape,0.04858
NCT01177813,Adverse Event,llogis,shape,scale,-0.2703
NCT01177813,Adverse Event,llogis,scale,shape,-0.2703
NCT01177813,Adverse Event,llogis,scale,scale,1.615
NCT01177813,Lost to Follow-up,lnorm,meanlog,meanlog,0.4291
NCT01177813,Lost to Follow-up,lnorm,meanlog,sdlog,0.1173
NCT01177813,Lost to Follow-up,lnorm,sdlog,meanlog,0.1173
NCT01177813,Lost to Follow-up,lnorm,sdlog,sdlog,0.03387
NCT01177813,Other/Miscellaneous,exp,rate,rate,0.08333
NCT01177813,Voluntary Withdrawal,gompertz,shape,shape,1.542e-5
NCT01177813,Voluntary Withdrawal,gompertz,shape,rate,-0.001034
NCT01177813,Voluntary Withdrawal,gompertz,rate,shape,-0.001034
NCT01177813,Voluntary Withdrawal,gompertz,rate,rate,0.1038
NCT01191268,Adverse Event,gompertz,shape,shape,3.579e-6
NCT01191268,Adverse Event,gompertz,shape,rate,-3.32e-4
NCT01191268,Adverse Event,gompertz,rate,shape,-3.32e-4
NCT01191268,Adverse Event,gompertz,rate,rate,0.05463
NCT01191268,Lost to Follow-up,exp,rate,rate,0.05882
NCT01191268,PI/Sponsor Decision,gompertz,shape,shape,4.225e-6
NCT01191268,PI/Sponsor Decision,gompertz,shape,rate,-5.686e-4
NCT01191268,PI/Sponsor Decision,gompertz,rate,shape,-5.686e-4
NCT01191268,PI/Sponsor Decision,gompertz,rate,rate,0.1182
NCT01191268,Voluntary Withdrawal,gompertz,shape,shape,1.493e-6
NCT01191268,Voluntary Withdrawal,gompertz,shape,rate,-2.25e-4
NCT01191268,Voluntary Withdrawal,gompertz,rate,shape,-2.25e-4
NCT01191268,Voluntary Withdrawal,gompertz,rate,rate,0.04978
NCT01191944,Adverse Event,lnorm,meanlog,meanlog,2.197
NCT01191944,Adverse Event,lnorm,meanlog,sdlog,0.2647
NCT01191944,Adverse Event,lnorm,sdlog,meanlog,0.2647
NCT01191944,Adverse Event,lnorm,sdlog,sdlog,0.03471
NCT01194830,Lost to Follow-up,gompertz,shape,shape,4.047e-5
NCT01194830,Lost to Follow-up,gompertz,shape,rate,-0.001948
NCT01194830,Lost to Follow-up,gompertz,rate,shape,-0.001948
NCT01194830,Lost to Follow-up,gompertz,rate,rate,0.1604
NCT01194830,Other/Miscellaneous,gompertz,shape,shape,2.666e-5
NCT01194830,Other/Miscellaneous,gompertz,shape,rate,-0.001534
NCT01194830,Other/Miscellaneous,gompertz,rate,shape,-0.001534
NCT01194830,Other/Miscellaneous,gompertz,rate,rate,0.1408
NCT01204294,Adverse Event,lnorm,meanlog,meanlog,2.487
NCT01204294,Adverse Event,lnorm,meanlog,sdlog,0.3046
NCT01204294,Adverse Event,lnorm,sdlog,meanlog,0.3046
NCT01204294,Adverse Event,lnorm,sdlog,sdlog,0.03984
NCT01210001,Adverse Event,exp,rate,rate,0.09091
NCT01214239,Voluntary Withdrawal,exp,rate,rate,0.08333
NCT01306214,Adverse Event,exp,rate,rate,0.03571
NCT01306214,Protocol Violation,weibull,shape,shape,0.06482
NCT01306214,Protocol Violation,weibull,shape,scale,-0.3841
NCT01306214,Protocol Violation,weibull,scale,shape,-0.3841
NCT01306214,Protocol Violation,weibull,scale,scale,2.456
NCT01306214,Voluntary Withdrawal,exp,rate,rate,0.03846
NCT01335464,Adverse Event,exp,rate,rate,0.01124
NCT01335464,Voluntary Withdrawal,gompertz,shape,shape,6.542e-6
NCT01335464,Voluntary Withdrawal,gompertz,shape,rate,-8.595e-4
NCT01335464,Voluntary Withdrawal,gompertz,rate,shape,-8.595e-4
NCT01335464,Voluntary Withdrawal,gompertz,rate,rate,0.1754
NCT01335477,Adverse Event,exp,rate,rate,0.01031
NCT01335477,Voluntary Withdrawal,gompertz,shape,shape,7.408e-6
NCT01335477,Voluntary Withdrawal,gompertz,shape,rate,-8.031e-4
NCT01335477,Voluntary Withdrawal,gompertz,rate,shape,-8.031e-4
NCT01335477,Voluntary Withdrawal,gompertz,rate,rate,0.1459
NCT01368081,Adverse Event,exp,rate,rate,0.02174
NCT01368081,Other/Miscellaneous,lnorm,meanlog,meanlog,13.19
NCT01368081,Other/Miscellaneous,lnorm,meanlog,sdlog,1.044
NCT01368081,Other/Miscellaneous,lnorm,sdlog,meanlog,1.044
NCT01368081,Other/Miscellaneous,lnorm,sdlog,sdlog,0.08479
NCT01368081,Voluntary Withdrawal,exp,rate,rate,0.0303
NCT01370005,Adverse Event,exp,rate,rate,0.0625
NCT01422876,Adverse Event,llogis,shape,shape,0.01775
NCT01422876,Adverse Event,llogis,shape,scale,-0.07909
NCT01422876,Adverse Event,llogis,scale,shape,-0.07909
NCT01422876,Adverse Event,llogis,scale,scale,0.3902
NCT01422876,Lost to Follow-up,llogis,shape,shape,0.01923
NCT01422876,Lost to Follow-up,llogis,shape,scale,-0.09364
NCT01422876,Lost to Follow-up,llogis,scale,shape,-0.09364
NCT01422876,Lost to Follow-up,llogis,scale,scale,0.502
NCT01422876,Other/Miscellaneous,gompertz,shape,shape,2.42e-6
NCT01422876,Other/Miscellaneous,gompertz,shape,rate,-3.395e-4
NCT01422876,Other/Miscellaneous,gompertz,rate,shape,-3.395e-4
NCT01422876,Other/Miscellaneous,gompertz,rate,rate,0.072
NCT01422876,Protocol Violation,exp,rate,rate,0.08333
NCT01422876,Voluntary Withdrawal,gompertz,shape,shape,3.112e-6
NCT01422876,Voluntary Withdrawal,gompertz,shape,rate,-4.343e-4
NCT01422876,Voluntary Withdrawal,gompertz,rate,shape,-4.343e-4
NCT01422876,Voluntary Withdrawal,gompertz,rate,rate,0.09185
NCT01558271,Adverse Event,lnorm,meanlog,meanlog,0.7067
NCT01558271,Adverse Event,lnorm,meanlog,sdlog,0.2021
NCT01558271,Adverse Event,lnorm,sdlog,meanlog,0.2021
NCT01558271,Adverse Event,lnorm,sdlog,sdlog,0.06108
NCT01558271,Voluntary Withdrawal,lnorm,meanlog,meanlog,2.068
NCT01558271,Voluntary Withdrawal,lnorm,meanlog,sdlog,0.2273
NCT01558271,Voluntary Withdrawal,lnorm,sdlog,meanlog,0.2273
NCT01558271,Voluntary Withdrawal,lnorm,sdlog,sdlog,0.02759
NCT01621178,Adverse Event,exp,rate,rate,0.06667
NCT01621178,Other/Miscellaneous,exp,rate,rate,0.06667
NCT01621178,PI/Sponsor Decision,gompertz,shape,shape,7.263e-6
NCT01621178,PI/Sponsor Decision,gompertz,shape,rate,-9.614e-4
NCT01621178,PI/Sponsor Decision,gompertz,rate,shape,-9.614e-4
NCT01621178,PI/Sponsor Decision,gompertz,rate,rate,0.1987
NCT01621178,Voluntary Withdrawal,lnorm,meanlog,meanlog,0.6865
NCT01621178,Voluntary Withdrawal,lnorm,meanlog,sdlog,0.09997
NCT01621178,Voluntary Withdrawal,lnorm,sdlog,meanlog,0.09997
NCT01621178,Voluntary Withdrawal,lnorm,sdlog,sdlog,0.01667
NCT01624259,Adverse Event,exp,rate,rate,0.05556
NCT01624259,Voluntary Withdrawal,exp,rate,rate,0.09091
NCT01694771,Adverse Event,exp,rate,rate,0.02941
NCT01694771,Other/Miscellaneous,exp,rate,rate,0.09091
NCT01694771,Protocol Violation,exp,rate,rate,0.08333
NCT01694771,Voluntary Withdrawal,exp,rate,rate,0.06667
NCT01708902,Adverse Event,gompertz,shape,shape,2.227e-5
NCT01708902,Adverse Event,gompertz,shape,rate,-0.001161
NCT01708902,Adverse Event,gompertz,rate,shape,-0.001161
NCT01708902,Adverse Event,gompertz,rate,rate,0.1005
NCT01708902,Voluntary Withdrawal,gompertz,shape,shape,2.608e-5
NCT01708902,Voluntary Withdrawal,gompertz,shape,rate,-0.001381
NCT01708902,Voluntary Withdrawal,gompertz,rate,shape,-0.001381
NCT01708902,Voluntary Withdrawal,gompertz,rate,rate,0.1207
NCT01719003,Adverse Event,lnorm,meanlog,meanlog,1.547
NCT01719003,Adverse Event,lnorm,meanlog,sdlog,0.181
NCT01719003,Adverse Event,lnorm,sdlog,meanlog,0.181
NCT01719003,Adverse Event,lnorm,sdlog,sdlog,0.02235
NCT01719003,Lost to Follow-up,lnorm,meanlog,meanlog,6.799
NCT01719003,Lost to Follow-up,lnorm,meanlog,sdlog,0.4698
NCT01719003,Lost to Follow-up,lnorm,sdlog,meanlog,0.4698
NCT01719003,Lost to Follow-up,lnorm,sdlog,sdlog,0.03383
NCT01719003,Other/Miscellaneous,exp,rate,rate,0.07692
NCT01719003,Protocol Violation,exp,rate,rate,0.1
NCT01719003,Voluntary Withdrawal,lnorm,meanlog,meanlog,1.134
NCT01719003,Voluntary Withdrawal,lnorm,meanlog,sdlog,0.1523
NCT01719003,Voluntary Withdrawal,lnorm,sdlog,meanlog,0.1523
NCT01719003,Voluntary Withdrawal,lnorm,sdlog,sdlog,0.02161
NCT01769378,Adverse Event,gompertz,shape,shape,6.548e-5
NCT01769378,Adverse Event,gompertz,shape,rate,-0.002973
NCT01769378,Adverse Event,gompertz,rate,shape,-0.002973
NCT01769378,Adverse Event,gompertz,rate,rate,0.235
NCT01769378,Voluntary Withdrawal,exp,rate,rate,0.1
NCT02152371,Voluntary Withdrawal,exp,rate,rate,0.1
NCT02172287,Adverse Event,lnorm,meanlog,meanlog,0.1899
NCT02172287,Adverse Event,lnorm,meanlog,sdlog,0.03707
NCT02172287,Adverse Event,lnorm,sdlog,meanlog,0.03707
NCT02172287,Adverse Event,lnorm,sdlog,sdlog,0.009116
NCT02172287,Voluntary Withdrawal,lnorm,meanlog,meanlog,2.937
NCT02172287,Voluntary Withdrawal,lnorm,meanlog,sdlog,0.3043
NCT02172287,Voluntary Withdrawal,lnorm,sdlog,meanlog,0.3043
NCT02172287,Voluntary Withdrawal,lnorm,sdlog,sdlog,0.03385
NCT02172586,Voluntary Withdrawal,gompertz,shape,shape,3.262e-5
NCT02172586,Voluntary Withdrawal,gompertz,shape,rate,-0.00205
NCT02172586,Voluntary Withdrawal,gompertz,rate,shape,-0.00205
NCT02172586,Voluntary Withdrawal,gompertz,rate,rate,0.2003
NCT02175355,Adverse Event,lnorm,meanlog,meanlog,1.024
NCT02175355,Adverse Event,lnorm,meanlog,sdlog,0.1942
NCT02175355,Adverse Event,lnorm,sdlog,meanlog,0.1942
NCT02175355,Adverse Event,lnorm,sdlog,sdlog,0.03848
NCT02175355,Protocol Violation,lnorm,meanlog,meanlog,0.1707
NCT02175355,Protocol Violation,lnorm,meanlog,sdlog,0.06859
NCT02175355,Protocol Violation,lnorm,sdlog,meanlog,0.06859
NCT02175355,Protocol Violation,lnorm,sdlog,sdlog,0.0291
NCT02177344,Adverse Event,gompertz,shape,shape,2.64e-5
NCT02177344,Adverse Event,gompertz,shape,rate,-0.001037
NCT02177344,Adverse Event,gompertz,rate,shape,-0.001037
NCT02177344,Adverse Event,gompertz,rate,rate,0.07404
NCT02177344,Other/Miscellaneous,gompertz,shape,shape,4.076e-5
NCT02177344,Other/Miscellaneous,gompertz,shape,rate,-0.001469
NCT02177344,Other/Miscellaneous,gompertz,rate,shape,-0.001469
NCT02177344,Other/Miscellaneous,gompertz,rate,rate,0.09841
NCT02177344,Voluntary Withdrawal,gompertz,shape,shape,6.625e-5
NCT02177344,Voluntary Withdrawal,gompertz,shape,rate,-0.001932
NCT02177344,Voluntary Withdrawal,gompertz,rate,shape,-0.001932
NCT02177344,Voluntary Withdrawal,gompertz,rate,rate,0.109
NCT02177396,Adverse Event,gompertz,shape,shape,3.61e-4
NCT02177396,Adverse Event,gompertz,shape,rate,-0.007371
NCT02177396,Adverse Event,gompertz,rate,shape,-0.007371
NCT02177396,Adverse Event,gompertz,rate,rate,0.2338
NCT02177396,Lack of Efficacy,exp,rate,rate,0.1
NCT02177461,Adverse Event,gompertz,shape,shape,2.895e-5
NCT02177461,Adverse Event,gompertz,shape,rate,-0.001772
NCT02177461,Adverse Event,gompertz,rate,shape,-0.001772
NCT02177461,Adverse Event,gompertz,rate,rate,0.1709
NCT02177461,Lack of Efficacy,lnorm,meanlog,meanlog,0.07475
NCT02177461,Lack of Efficacy,lnorm,meanlog,sdlog,0.03836
NCT02177461,Lack of Efficacy,lnorm,sdlog,meanlog,0.03836
NCT02177461,Lack of Efficacy,lnorm,sdlog,sdlog,0.02318
NCT02177461,Protocol Violation,gompertz,shape,shape,4.057e-5
NCT02177461,Protocol Violation,gompertz,shape,rate,-0.002354
NCT02177461,Protocol Violation,gompertz,rate,shape,-0.002354
NCT02177461,Protocol Violation,gompertz,rate,rate,0.2199
NCT02177461,Voluntary Withdrawal,gompertz,shape,shape,1.109e-5
NCT02177461,Voluntary Withdrawal,gompertz,shape,rate,-7.144e-4
NCT02177461,Voluntary Withdrawal,gompertz,rate,shape,-7.144e-4
NCT02177461,Voluntary Withdrawal,gompertz,rate,rate,0.07103
NCT02183064,Adverse Event,gompertz,shape,shape,1.639e-5
NCT02183064,Adverse Event,gompertz,shape,rate,-7.267e-4
NCT02183064,Adverse Event,gompertz,rate,shape,-7.267e-4
NCT02183064,Adverse Event,gompertz,rate,rate,0.05785
NCT02183064,Other/Miscellaneous,gompertz,shape,shape,2.333e-5
NCT02183064,Other/Miscellaneous,gompertz,shape,rate,-0.001609
NCT02183064,Other/Miscellaneous,gompertz,rate,shape,-0.001609
NCT02183064,Other/Miscellaneous,gompertz,rate,rate,0.1699
NCT02183064,Voluntary Withdrawal,gompertz,shape,shape,1.446e-5
NCT02183064,Voluntary Withdrawal,gompertz,shape,rate,-7.365e-4
NCT02183064,Voluntary Withdrawal,gompertz,rate,shape,-7.365e-4
NCT02183064,Voluntary Withdrawal,gompertz,rate,rate,0.06455
NCT02200653,Adverse Event,exp,rate,rate,0.08333
NCT02240680,Adverse Event,gompertz,shape,shape,1.791e-5
NCT02240680,Adverse Event,gompertz,shape,rate,-0.001454
NCT02240680,Adverse Event,gompertz,rate,shape,-0.001454
NCT02240680,Adverse Event,gompertz,rate,rate,0.2013
NCT02489968,Adverse Event,gompertz,shape,shape,7.911e-6
NCT02489968,Adverse Event,gompertz,shape,rate,-8.457e-4
NCT02489968,Adverse Event,gompertz,rate,shape,-8.457e-4
NCT02489968,Adverse Event,gompertz,rate,rate,0.1492
NCT02750410,Adverse Event,exp,rate,rate,0.08333
